"시점",세계,세계,세계,세계,아시아,아시아,아시아,아시아,아시아,아시아,아시아,아시아,아시아,아시아,대한민국,대한민국,대한민국,대한민국,대한민국,대한민국,대한민국,대한민국,대한민국,대한민국,이스라엘,이스라엘,이스라엘,이스라엘,이스라엘,이스라엘,이스라엘,이스라엘,이스라엘,이스라엘,일본,일본,일본,일본,일본,일본,일본,일본,일본,일본,튀르키예,튀르키예,튀르키예,튀르키예,튀르키예,튀르키예,튀르키예,튀르키예,튀르키예,튀르키예,북아메리카,북아메리카,북아메리카,북아메리카,북아메리카,북아메리카,북아메리카,북아메리카,북아메리카,북아메리카,캐나다,캐나다,캐나다,캐나다,캐나다,캐나다,캐나다,캐나다,캐나다,캐나다,멕시코,멕시코,멕시코,멕시코,멕시코,멕시코,멕시코,멕시코,멕시코,멕시코,미국,미국,미국,미국,미국,미국,미국,미국,미국,미국,남아메리카,남아메리카,남아메리카,남아메리카,남아메리카,남아메리카,남아메리카,남아메리카,남아메리카,남아메리카,칠레,칠레,칠레,칠레,칠레,칠레,칠레,칠레,칠레,콜롬비아,콜롬비아,콜롬비아,콜롬비아,콜롬비아,콜롬비아,콜롬비아,콜롬비아,콜롬비아,콜롬비아,코스타리카,코스타리카,코스타리카,코스타리카,코스타리카,코스타리카,코스타리카,코스타리카,코스타리카,유럽,유럽,유럽,유럽,유럽,유럽,유럽,유럽,유럽,유럽,오스트리아,오스트리아,오스트리아,오스트리아,오스트리아,오스트리아,오스트리아,오스트리아,오스트리아,오스트리아,벨기에,벨기에,벨기에,벨기에,벨기에,벨기에,벨기에,벨기에,벨기에,벨기에,체코,체코,체코,체코,체코,체코,체코,체코,체코,체코,덴마크,덴마크,덴마크,덴마크,덴마크,덴마크,덴마크,덴마크,덴마크,덴마크,에스토니아,에스토니아,에스토니아,에스토니아,에스토니아,에스토니아,에스토니아,에스토니아,에스토니아,에스토니아,핀란드,핀란드,핀란드,핀란드,핀란드,핀란드,핀란드,핀란드,핀란드,핀란드,프랑스,프랑스,프랑스,프랑스,프랑스,프랑스,프랑스,프랑스,프랑스,프랑스,독일,독일,독일,독일,독일,독일,독일,독일,독일,독일,그리스,그리스,그리스,그리스,그리스,그리스,그리스,그리스,그리스,그리스,헝가리,헝가리,헝가리,헝가리,헝가리,헝가리,헝가리,헝가리,헝가리,헝가리,아이슬란드,아이슬란드,아이슬란드,아이슬란드,아이슬란드,아이슬란드,아이슬란드,아이슬란드,아이슬란드,아일랜드,아일랜드,아일랜드,아일랜드,아일랜드,아일랜드,아일랜드,아일랜드,아일랜드,아일랜드,이탈리아,이탈리아,이탈리아,이탈리아,이탈리아,이탈리아,이탈리아,이탈리아,이탈리아,이탈리아,라트비아,라트비아,라트비아,라트비아,라트비아,라트비아,라트비아,라트비아,라트비아,라트비아,리투아니아,리투아니아,리투아니아,리투아니아,리투아니아,리투아니아,리투아니아,리투아니아,리투아니아,룩셈부르크,룩셈부르크,룩셈부르크,룩셈부르크,룩셈부르크,룩셈부르크,룩셈부르크,룩셈부르크,룩셈부르크,룩셈부르크,네덜란드,네덜란드,네덜란드,네덜란드,네덜란드,네덜란드,네덜란드,네덜란드,네덜란드,네덜란드,노르웨이,노르웨이,노르웨이,노르웨이,노르웨이,노르웨이,노르웨이,노르웨이,노르웨이,노르웨이,폴란드,폴란드,폴란드,폴란드,폴란드,폴란드,폴란드,폴란드,폴란드,폴란드,포르투갈,포르투갈,포르투갈,포르투갈,포르투갈,포르투갈,포르투갈,포르투갈,포르투갈,포르투갈,슬로바키아,슬로바키아,슬로바키아,슬로바키아,슬로바키아,슬로바키아,슬로바키아,슬로바키아,슬로바키아,슬로바키아,슬로베니아,슬로베니아,슬로베니아,슬로베니아,슬로베니아,슬로베니아,슬로베니아,슬로베니아,슬로베니아,슬로베니아,스페인,스페인,스페인,스페인,스페인,스페인,스페인,스페인,스페인,스페인,스웨덴,스웨덴,스웨덴,스웨덴,스웨덴,스웨덴,스웨덴,스웨덴,스웨덴,스웨덴,스위스,스위스,스위스,스위스,스위스,스위스,스위스,스위스,스위스,스위스,영국,영국,영국,영국,영국,영국,영국,영국,영국,영국,오세아니아,오세아니아,오세아니아,오세아니아,오세아니아,오세아니아,오세아니아,오세아니아,오세아니아,오세아니아,오스트레일리아,오스트레일리아,오스트레일리아,오스트레일리아,오스트레일리아,오스트레일리아,오스트레일리아,오스트레일리아,오스트레일리아,오스트레일리아,뉴질랜드,뉴질랜드,뉴질랜드,뉴질랜드,뉴질랜드,뉴질랜드,뉴질랜드,뉴질랜드,뉴질랜드,뉴질랜드,OECD,OECD
"시점",수출 (100만달러),수입 (100만달러),장래인구 (1000명),조강생산량 (1000M/T),국내총생산(GDP)(당해년 가격) (10억US$),1인당 GDP(당해년 가격) (달러),GDP 성장률 (%),수출 (100만달러),수입 (100만달러),장래인구 (1000명),실업률 (%),소비자물가지수 (2010=100),조강생산량 (1000M/T),인터넷 이용률 (%),국내총생산(GDP)(당해년 가격) (10억US$),1인당 GDP(당해년 가격) (달러),GDP 성장률 (%),수출 (100만달러),수입 (100만달러),장래인구 (1000명),실업률 (%),소비자물가지수 (2010=100),조강생산량 (1000M/T),인터넷 이용률 (%),국내총생산(GDP)(당해년 가격) (10억US$),1인당 GDP(당해년 가격) (달러),GDP 성장률 (%),수출 (100만달러),수입 (100만달러),장래인구 (1000명),실업률 (%),소비자물가지수 (2010=100),조강생산량 (1000M/T),인터넷 이용률 (%),국내총생산(GDP)(당해년 가격) (10억US$),1인당 GDP(당해년 가격) (달러),GDP 성장률 (%),수출 (100만달러),수입 (100만달러),장래인구 (1000명),실업률 (%),소비자물가지수 (2010=100),조강생산량 (1000M/T),인터넷 이용률 (%),국내총생산(GDP)(당해년 가격) (10억US$),1인당 GDP(당해년 가격) (달러),GDP 성장률 (%),수출 (100만달러),수입 (100만달러),장래인구 (1000명),실업률 (%),소비자물가지수 (2010=100),조강생산량 (1000M/T),인터넷 이용률 (%),국내총생산(GDP)(당해년 가격) (10억US$),1인당 GDP(당해년 가격) (달러),GDP 성장률 (%),수출 (100만달러),수입 (100만달러),장래인구 (1000명),실업률 (%),소비자물가지수 (2010=100),조강생산량 (1000M/T),인터넷 이용률 (%),국내총생산(GDP)(당해년 가격) (10억US$),1인당 GDP(당해년 가격) (달러),GDP 성장률 (%),수출 (100만달러),수입 (100만달러),장래인구 (1000명),실업률 (%),소비자물가지수 (2010=100),조강생산량 (1000M/T),인터넷 이용률 (%),국내총생산(GDP)(당해년 가격) (10억US$),1인당 GDP(당해년 가격) (달러),GDP 성장률 (%),수출 (100만달러),수입 (100만달러),장래인구 (1000명),실업률 (%),소비자물가지수 (2010=100),조강생산량 (1000M/T),인터넷 이용률 (%),국내총생산(GDP)(당해년 가격) (10억US$),1인당 GDP(당해년 가격) (달러),GDP 성장률 (%),수출 (100만달러),수입 (100만달러),장래인구 (1000명),실업률 (%),소비자물가지수 (2010=100),조강생산량 (1000M/T),인터넷 이용률 (%),국내총생산(GDP)(당해년 가격) (10억US$),1인당 GDP(당해년 가격) (달러),GDP 성장률 (%),수출 (100만달러),수입 (100만달러),장래인구 (1000명),실업률 (%),소비자물가지수 (2010=100),조강생산량 (1000M/T),인터넷 이용률 (%),국내총생산(GDP)(당해년 가격) (10억US$),1인당 GDP(당해년 가격) (달러),GDP 성장률 (%),수출 (100만달러),장래인구 (1000명),실업률 (%),소비자물가지수 (2010=100),조강생산량 (1000M/T),인터넷 이용률 (%),국내총생산(GDP)(당해년 가격) (10억US$),1인당 GDP(당해년 가격) (달러),GDP 성장률 (%),수출 (100만달러),수입 (100만달러),장래인구 (1000명),실업률 (%),소비자물가지수 (2010=100),조강생산량 (1000M/T),인터넷 이용률 (%),국내총생산(GDP)(당해년 가격) (10억US$),1인당 GDP(당해년 가격) (달러),GDP 성장률 (%),수출 (100만달러),수입 (100만달러),장래인구 (1000명),실업률 (%),소비자물가지수 (2010=100),인터넷 이용률 (%),국내총생산(GDP)(당해년 가격) (10억US$),1인당 GDP(당해년 가격) (달러),GDP 성장률 (%),수출 (100만달러),수입 (100만달러),장래인구 (1000명),실업률 (%),소비자물가지수 (2010=100),조강생산량 (1000M/T),인터넷 이용률 (%),국내총생산(GDP)(당해년 가격) (10억US$),1인당 GDP(당해년 가격) (달러),GDP 성장률 (%),수출 (100만달러),수입 (100만달러),장래인구 (1000명),실업률 (%),소비자물가지수 (2010=100),조강생산량 (1000M/T),인터넷 이용률 (%),국내총생산(GDP)(당해년 가격) (10억US$),1인당 GDP(당해년 가격) (달러),GDP 성장률 (%),수출 (100만달러),수입 (100만달러),장래인구 (1000명),실업률 (%),소비자물가지수 (2010=100),조강생산량 (1000M/T),인터넷 이용률 (%),국내총생산(GDP)(당해년 가격) (10억US$),1인당 GDP(당해년 가격) (달러),GDP 성장률 (%),수출 (100만달러),수입 (100만달러),장래인구 (1000명),실업률 (%),소비자물가지수 (2010=100),조강생산량 (1000M/T),인터넷 이용률 (%),국내총생산(GDP)(당해년 가격) (10억US$),1인당 GDP(당해년 가격) (달러),GDP 성장률 (%),수출 (100만달러),수입 (100만달러),장래인구 (1000명),실업률 (%),소비자물가지수 (2010=100),조강생산량 (1000M/T),인터넷 이용률 (%),국내총생산(GDP)(당해년 가격) (10억US$),1인당 GDP(당해년 가격) (달러),GDP 성장률 (%),수출 (100만달러),수입 (100만달러),장래인구 (1000명),실업률 (%),소비자물가지수 (2010=100),조강생산량 (1000M/T),인터넷 이용률 (%),국내총생산(GDP)(당해년 가격) (10억US$),1인당 GDP(당해년 가격) (달러),GDP 성장률 (%),수출 (100만달러),수입 (100만달러),장래인구 (1000명),실업률 (%),소비자물가지수 (2010=100),조강생산량 (1000M/T),인터넷 이용률 (%),국내총생산(GDP)(당해년 가격) (10억US$),1인당 GDP(당해년 가격) (달러),GDP 성장률 (%),수출 (100만달러),수입 (100만달러),장래인구 (1000명),실업률 (%),소비자물가지수 (2010=100),조강생산량 (1000M/T),인터넷 이용률 (%),국내총생산(GDP)(당해년 가격) (10억US$),1인당 GDP(당해년 가격) (달러),GDP 성장률 (%),수출 (100만달러),수입 (100만달러),장래인구 (1000명),실업률 (%),소비자물가지수 (2010=100),조강생산량 (1000M/T),인터넷 이용률 (%),국내총생산(GDP)(당해년 가격) (10억US$),1인당 GDP(당해년 가격) (달러),GDP 성장률 (%),수출 (100만달러),수입 (100만달러),장래인구 (1000명),실업률 (%),소비자물가지수 (2010=100),조강생산량 (1000M/T),인터넷 이용률 (%),국내총생산(GDP)(당해년 가격) (10억US$),1인당 GDP(당해년 가격) (달러),GDP 성장률 (%),수출 (100만달러),수입 (100만달러),장래인구 (1000명),실업률 (%),소비자물가지수 (2010=100),조강생산량 (1000M/T),인터넷 이용률 (%),국내총생산(GDP)(당해년 가격) (10억US$),1인당 GDP(당해년 가격) (달러),GDP 성장률 (%),수출 (100만달러),수입 (100만달러),장래인구 (1000명),실업률 (%),소비자물가지수 (2010=100),인터넷 이용률 (%),국내총생산(GDP)(당해년 가격) (10억US$),1인당 GDP(당해년 가격) (달러),GDP 성장률 (%),수출 (100만달러),수입 (100만달러),장래인구 (1000명),실업률 (%),소비자물가지수 (2010=100),조강생산량 (1000M/T),인터넷 이용률 (%),국내총생산(GDP)(당해년 가격) (10억US$),1인당 GDP(당해년 가격) (달러),GDP 성장률 (%),수출 (100만달러),수입 (100만달러),장래인구 (1000명),실업률 (%),소비자물가지수 (2010=100),조강생산량 (1000M/T),인터넷 이용률 (%),국내총생산(GDP)(당해년 가격) (10억US$),1인당 GDP(당해년 가격) (달러),GDP 성장률 (%),수출 (100만달러),수입 (100만달러),장래인구 (1000명),실업률 (%),소비자물가지수 (2010=100),조강생산량 (1000M/T),인터넷 이용률 (%),국내총생산(GDP)(당해년 가격) (10억US$),1인당 GDP(당해년 가격) (달러),GDP 성장률 (%),수출 (100만달러),수입 (100만달러),장래인구 (1000명),실업률 (%),소비자물가지수 (2010=100),인터넷 이용률 (%),국내총생산(GDP)(당해년 가격) (10억US$),1인당 GDP(당해년 가격) (달러),GDP 성장률 (%),수출 (100만달러),수입 (100만달러),장래인구 (1000명),실업률 (%),소비자물가지수 (2010=100),조강생산량 (1000M/T),인터넷 이용률 (%),국내총생산(GDP)(당해년 가격) (10억US$),1인당 GDP(당해년 가격) (달러),GDP 성장률 (%),수출 (100만달러),수입 (100만달러),장래인구 (1000명),실업률 (%),소비자물가지수 (2010=100),조강생산량 (1000M/T),인터넷 이용률 (%),국내총생산(GDP)(당해년 가격) (10억US$),1인당 GDP(당해년 가격) (달러),GDP 성장률 (%),수출 (100만달러),수입 (100만달러),장래인구 (1000명),실업률 (%),소비자물가지수 (2010=100),조강생산량 (1000M/T),인터넷 이용률 (%),국내총생산(GDP)(당해년 가격) (10억US$),1인당 GDP(당해년 가격) (달러),GDP 성장률 (%),수출 (100만달러),수입 (100만달러),장래인구 (1000명),실업률 (%),소비자물가지수 (2010=100),조강생산량 (1000M/T),인터넷 이용률 (%),국내총생산(GDP)(당해년 가격) (10억US$),1인당 GDP(당해년 가격) (달러),GDP 성장률 (%),수출 (100만달러),수입 (100만달러),장래인구 (1000명),실업률 (%),소비자물가지수 (2010=100),조강생산량 (1000M/T),인터넷 이용률 (%),국내총생산(GDP)(당해년 가격) (10억US$),1인당 GDP(당해년 가격) (달러),GDP 성장률 (%),수출 (100만달러),수입 (100만달러),장래인구 (1000명),실업률 (%),소비자물가지수 (2010=100),조강생산량 (1000M/T),인터넷 이용률 (%),국내총생산(GDP)(당해년 가격) (10억US$),1인당 GDP(당해년 가격) (달러),GDP 성장률 (%),수출 (100만달러),수입 (100만달러),장래인구 (1000명),실업률 (%),소비자물가지수 (2010=100),조강생산량 (1000M/T),인터넷 이용률 (%),국내총생산(GDP)(당해년 가격) (10억US$),1인당 GDP(당해년 가격) (달러),GDP 성장률 (%),수출 (100만달러),수입 (100만달러),장래인구 (1000명),실업률 (%),소비자물가지수 (2010=100),조강생산량 (1000M/T),인터넷 이용률 (%),국내총생산(GDP)(당해년 가격) (10억US$),1인당 GDP(당해년 가격) (달러),GDP 성장률 (%),수출 (100만달러),수입 (100만달러),장래인구 (1000명),실업률 (%),소비자물가지수 (2010=100),조강생산량 (1000M/T),인터넷 이용률 (%),국내총생산(GDP)(당해년 가격) (10억US$),1인당 GDP(당해년 가격) (달러),GDP 성장률 (%),수출 (100만달러),수입 (100만달러),장래인구 (1000명),실업률 (%),소비자물가지수 (2010=100),조강생산량 (1000M/T),인터넷 이용률 (%),국내총생산(GDP)(당해년 가격) (10억US$),1인당 GDP(당해년 가격) (달러),GDP 성장률 (%),수출 (100만달러),수입 (100만달러),장래인구 (1000명),실업률 (%),소비자물가지수 (2010=100),조강생산량 (1000M/T),인터넷 이용률 (%),국내총생산(GDP)(당해년 가격) (10억US$),1인당 GDP(당해년 가격) (달러),GDP 성장률 (%),수출 (100만달러),수입 (100만달러),장래인구 (1000명),실업률 (%),소비자물가지수 (2010=100),조강생산량 (1000M/T),인터넷 이용률 (%),국내총생산(GDP)(당해년 가격) (10억US$),1인당 GDP(당해년 가격) (달러),GDP 성장률 (%),수출 (100만달러),수입 (100만달러),장래인구 (1000명),실업률 (%),소비자물가지수 (2010=100),조강생산량 (1000M/T),인터넷 이용률 (%),국내총생산(GDP)(당해년 가격) (10억US$),1인당 GDP(당해년 가격) (달러),GDP 성장률 (%),수출 (100만달러),수입 (100만달러),장래인구 (1000명),실업률 (%),소비자물가지수 (2010=100),조강생산량 (1000M/T),인터넷 이용률 (%),장래인구 (1000명),조강생산량 (1000M/T)
"1990",3446279,3562626,5327231,-,,,,,,,,,,,283.3,6608,9.9,65016,69844,42869,2.4,40.6,-,-,-,-,-,11576,16791,4448,12.2,32.5,-,-,3132.8,25371,4.9,287580,235376,124505,2.1,94.5,-,-,150.7,2794,9.3,12959,22303,53922,8.0,0.1,-,-,,,,,,,,,,,593.9,21448,-,127630,116736,27541,8.1,67.3,-,-,261.3,3112,5.2,40711,43548,83943,-,11.8,-,-,5963.1,23889,1.9,393592,516987,252120,5.6,59.9,-,-,,,,,,,,,,,33.1,2495,3.3,8437,13275,5.6,30.0,-,-,47.8,1445,4.3,6721,5590,33103,-,9.4,-,-,5.7,1831,3.6,1458,2026,3119,4.5,8.6,-,,,,,,,,,,,166.5,21681,4.3,41265,49146,7724,3.3,65.7,-,-,205.3,20600,3.1,-,-,10007,7.3,66.4,-,-,40.7,3942,-,-,-,10341,0.7,-,-,-,138.2,26891,1.5,37037,33248,5141,8.3,66.1,-,-,-,-,-,-,-,1565,0.6,-,-,-,141.4,28365,0.7,26571,27001,4996,3.1,71.6,-,-,1269.2,21794,2.9,216588,234436,56667,9.4,71.2,-,-,1771.7,22304,5.3,410104,346153,79054,4.9,67.5,-,-,97.9,9600,0.0,8105,19777,10226,7.0,29.8,-,-,-,-,-,9598,8671,10377,1.7,9.2,-,-,6.5,25385,-,1592,1680,255,-,40.0,-,49.3,14034,8.5,23743,20669,3511,14.1,61.0,-,-,1181.2,20826,2.0,170486,181968,57048,9.8,55.8,-,-,-,-,-,-,-,2664,-,-,-,-,-,-,-,-,-,3696,-,-,-,13.2,34645,5.3,6305,7596,382,1.6,64.7,-,-,318.3,21291,4.2,131775,126098,14965,7.7,64.4,-,-,119.8,28243,1.9,34047,27231,4247,5.3,65.0,-,-,66.0,1731,-,13626,8413,37960,-,7.0,-,-,78.7,7885,4.0,16417,25263,9895,4.6,48.0,-,-,12.7,2406,-,-,-,5288,-,-,-,-,-,-,-,-,-,2006,-,3.7,-,-,536.6,13805,3.8,55642,87715,39203,16.3,51.9,-,-,261.8,30594,0.8,57507,54835,8567,1.8,68.6,-,-,266.0,39608,3.7,63784,69681,6653,2.1,75.7,-,-,1093.2,19095,0.7,182646,215400,57134,7.0,61.1,-,-,,,,,,,,,,,310.8,18212,3.6,39752,41985,16961,6.9,59.8,-,-,45.5,13663,0.2,9488,9501,3398,8.0,64.7,-,-,1108776,-
"1991",3538787,3680921,5414289,-,,,,,,,,,,,330.5,7634,10.8,71870,81525,43296,2.4,44.4,-,-,-,-,-,11921,18658,4589,13.4,38.7,-,-,3584.4,28915,3.4,314793,237001,124930,2.1,97.6,-,-,150.0,2736,0.7,13595,21047,54841,8.2,0.1,-,-,,,,,,,,,,,610.3,21768,-,127162,118192,27889,10.3,71.1,-,-,313.1,3662,4.2,42688,52315,85513,3.2,14.4,-,-,6158.1,24342,-0.1,421730,508363,254539,6.8,62.5,-,-,,,,,,,,,,,37.8,2804,7.8,8929,13495,5.2,36.5,-,-,49.2,1457,2.0,7114,4906,33758,10.1,12.3,-,-,7.2,2247,2.3,1623,1873,3202,5.4,11.0,-,,,,,,,,,,,173.8,22411,3.4,41111,50815,7773,3.4,67.9,-,-,210.5,21042,1.8,-,-,10039,7.0,68.6,-,-,29.9,2897,-11.6,-,-,10346,2.3,34.9,-,-,139.2,27011,1.4,37886,34057,5155,9.1,67.7,-,-,-,-,-,-,-,1548,1.5,-,-,-,127.8,25485,-5.9,23080,21809,5019,6.5,74.6,-,-,1269.3,21675,1.0,217100,231784,56914,9.1,73.5,-,-,1868.9,23358,5.1,402843,389908,79491,5.3,70.2,-,-,105.1,10188,3.1,8666,21580,10315,7.7,35.6,-,-,34.8,3350,-,10199,11417,10363,8.5,12.4,-,-,6.9,26803,-,1550,1760,258,2.6,42.7,-,49.8,14089,1.9,24224,20771,3518,15.8,62.9,-,-,1246.2,21957,1.5,169473,182682,57088,10.1,59.3,-,-,-,-,-,-,-,2649,-,1.1,-,-,-,-,-,-,-,3697,-,0.4,-,14.3,37007,8.6,6271,8044,386,1.5,66.7,-,-,327.5,21732,2.4,133631,125873,15065,7.3,66.5,-,-,121.9,28597,3.1,34107,25572,4269,5.4,67.2,-,-,85.5,2236,-7.0,14780,15683,38083,-,12.3,-,-,89.2,8959,4.4,16280,26113,9916,3.9,53.6,-,-,14.3,2691,-,-,-,5309,-,26.1,-,-,-,-,-,-,-,2008,7.1,8.0,-,-,577.2,14812,2.5,60177,93306,39299,15.9,55.0,-,-,274.2,31823,-1.1,55217,49990,8625,3.2,75.1,-,-,269.1,39578,-0.9,61517,66485,6719,1.8,80.1,-,-,1142.8,19901,-1.1,183638,201857,57291,8.6,65.7,-,-,,,,,,,,,,,325.3,18822,-0.4,41854,41618,17189,9.6,61.7,-,-,42.7,12230,-1.1,9589,8381,3446,10.6,66.4,-,-,1117830,-
"1992",3769391,3901957,5498920,-,,,,,,,,,,,355.4,8125,6.2,76632,81775,43748,2.5,47.1,-,-,-,-,-,13119,20253,4753,14.1,43.4,-,-,3908.8,31415,0.8,339895,233250,125331,2.2,99.3,-,-,158.5,2842,5.0,14716,22871,55749,8.5,0.2,-,-,,,,,,,,,,,592.4,20880,-,134435,122436,28224,11.2,72.1,-,-,363.2,4171,3.5,46196,65049,87075,3.2,16.7,-,-,6520.3,25419,3.5,448164,553923,256991,7.5,64.3,-,-,,,,,,,,,,,46.0,3350,11.2,9986,13720,4.4,42.2,-,-,58.4,1697,4.0,6900,6516,34423,9.4,15.6,-,-,8.6,2606,9.2,1841,2441,3287,3.9,13.4,-,,,,,,,,,,,195.1,24880,2.1,44411,54112,7831,3.6,70.6,-,-,234.8,23373,1.5,-,-,10078,6.7,70.2,-,-,34.8,3373,-0.5,-,-,10353,2.6,38.8,-,-,152.9,29570,2.0,41676,35521,5172,9.0,69.1,-,-,-,-,-,-,-,1521,3.7,11.6,-,-,112.5,22319,-3.3,23981,21208,5045,11.6,76.8,-,-,1401.5,23814,1.6,235871,239638,57147,10.2,75.2,-,-,2131.6,26438,1.9,422271,402441,79963,6.3,73.8,-,-,116.2,11176,0.7,9509,23220,10420,7.8,41.3,-,-,38.7,3735,-3.1,10664,11107,10359,9.9,15.4,-,-,7.1,27124,-,1528,1684,260,4.3,44.4,-,55.9,15717,3.3,28331,22477,3530,15.0,64.8,-,-,1320.2,23243,0.8,178156,188519,57145,9.3,62.5,-,-,-,-,-,546,-,2620,-,11.9,-,-,-,-,-,-,-,3688,-,4.2,-,16.1,40966,1.8,6469,8221,391,2.0,68.8,-,-,363.0,23904,1.7,140335,134650,15166,5.6,68.6,-,-,130.8,30524,3.6,35145,26072,4293,5.9,68.8,-,-,94.3,2459,2.5,13173,15935,38198,13.7,18.0,-,-,107.6,10811,1.1,18350,29581,9951,4.0,58.8,-,-,15.5,2921,-,-,-,5329,-,28.7,-,-,-,-,-,6681,6142,2005,-,24.8,-,-,630.9,16112,0.9,64334,99758,39411,17.7,58.2,-,-,284.3,32801,-1.2,56120,50091,8687,5.7,76.9,-,-,280.2,40748,-0.0,61377,61737,6793,2.8,83.4,-,-,1179.7,20487,0.4,190007,212857,57446,9.8,68.7,-,-,,,,,,,,,,,324.9,18570,0.4,42824,43807,17402,10.7,62.3,-,-,41.6,11793,1.1,9824,9202,3503,10.7,67.0,-,-,1127008,-
"1993",3637289,3724220,5581598,-,,,,,,,,,,,392.6,8884,6.9,82236,83800,44195,2.9,49.4,-,-,-,-,-,14779,22623,4929,12.7,48.1,-,-,4454.1,35682,-0.5,362265,241645,125707,2.5,100.6,-,-,180.2,3180,7.7,15343,29428,56654,9.0,0.3,-,-,,,,,,,,,,,577.2,20121,-,145177,131691,28548,11.4,73.5,-,-,500.7,5650,1.9,51886,68439,88625,3.4,18.3,-,-,6858.6,26387,2.8,464773,603438,259532,6.9,66.2,-,-,,,,,,,,,,,49.3,3535,6.6,9202,13945,4.5,47.5,-,-,66.4,1894,5.4,7116,8495,35091,7.8,19.1,-,-,9.6,2842,7.1,1995,2886,3372,4.0,14.7,-,,,,,,,,,,,190.4,24082,0.5,40174,48578,7892,4.3,73.2,-,-,224.7,22284,-1.0,125876,114398,10119,8.1,72.2,-,-,40.9,3956,0.1,12807,-,10359,4.3,46.8,-,-,143.2,27598,0.0,38207,31331,5191,10.7,70.0,-,-,-,-,-,-,-,1488,6.5,22.1,-,-,89.2,17609,-0.7,23446,18032,5072,16.2,78.5,-,-,1322.8,22380,-0.6,209349,201838,57370,11.3,76.8,-,-,2071.3,25523,-1.0,382472,346027,80429,7.7,77.1,-,-,108.8,10402,-1.6,8435,22011,10534,8.6,47.2,-,-,40.1,3874,-0.6,8886,12468,10359,12.1,18.8,-,-,6.2,23580,-,1399,1349,263,5.3,46.2,-,52.4,14659,2.7,28611,21386,3547,15.6,65.8,-,-,1065.0,18739,-0.9,169153,148273,57198,10.2,65.3,-,-,-,-,-,963,-,2583,-,24.8,-,-,-,-,-,-,-,3671,-,21.3,-,16.5,41479,4.2,5892,7687,397,2.3,71.3,-,-,353.6,23122,1.3,139127,124739,15268,6.3,70.4,-,-,120.6,27964,2.8,31978,24081,4317,6.0,70.4,-,-,96.0,2497,3.7,14132,18726,38301,14.4,24.7,-,-,95.0,9535,-2.0,15429,24337,9997,5.3,62.8,-,-,16.5,3102,1.9,5466,-,5347,12.2,35.4,-,-,-,-,-,6083,6499,2001,8.5,32.6,-,-,525.1,13340,-1.0,59555,78626,39534,22.2,60.9,-,-,213.0,24425,-2.1,49857,42912,8747,9.3,80.5,-,-,272.5,39270,-0.1,58687,56716,6869,3.7,86.1,-,-,1061.4,18389,2.5,183346,202948,57602,10.4,70.4,-,-,,,,,,,,,,,311.5,17635,4.0,42723,45577,17603,10.9,63.4,-,-,46.8,13094,6.4,10537,9636,3564,9.8,67.9,-,-,1136220,-
"1994",4140259,4232394,5663150,-,,,,,,,,,,,463.5,10383,9.3,96013,102348,44642,2.5,52.5,-,-,-,-,-,16884,25237,5106,9.9,54.0,-,-,4907.0,39200,1.0,397273,275755,126053,2.9,101.3,-,-,130.7,2270,-4.7,18106,23270,57564,8.6,0.7,-,-,,,,,,,,,,,578.1,19935,-,165372,-,28861,10.4,73.6,-,-,527.8,5854,4.9,60882,83075,90156,4.4,19.6,-,-,7287.2,27695,4.0,512627,689215,262241,6.1,68.0,-,-,,,,,,,,,,,57.0,4024,5.0,11408,14166,5.9,53.0,-,-,81.7,2285,5.8,8546,3799,35759,8.3,23.4,-,-,10.5,3032,4.5,2234,3020,3459,4.1,16.7,-,,,,,,,,,,,203.5,25647,2.4,45215,55343,7947,3.5,75.4,-,-,244.9,24209,3.2,143658,130066,10156,9.7,73.9,-,-,47.9,4631,2.9,14394,-,10361,4.3,51.5,-,-,156.2,29996,5.3,43120,36589,5211,8.0,71.4,-,-,-,-,-,1295,1646,1457,7.6,32.6,-,-,103.3,20301,4.0,29658,23214,5097,16.4,79.4,-,-,1394.0,23497,2.4,235905,230188,57587,12.6,78.1,-,-,2205.1,27077,2.4,429722,385351,80833,8.7,79.1,-,-,116.6,11091,2.0,-,-,10645,8.9,52.3,-,-,43.2,4173,2.9,10435,14267,10358,10.9,22.4,-,-,6.4,24019,-,1623,1472,265,5.3,46.9,-,57.1,15905,5.8,34370,25508,3568,14.6,67.3,-,-,1099.2,19338,2.2,191421,169172,57214,11.1,68.0,-,-,-,-,-,962,-,2544,-,33.8,-,-,-,-,-,2029,2353,3649,17.3,36.7,-,18.3,45482,3.8,6548,8417,402,3.5,72.8,-,-,379.1,24646,3.0,155554,139795,15369,7.2,72.3,-,-,127.1,29316,5.1,34785,27432,4342,5.4,71.4,-,-,110.8,2875,5.3,17213,21496,38389,14.8,32.9,-,-,99.7,9977,1.0,17899,26938,10045,6.7,66.2,-,-,20.2,3771,6.2,6709,-,5363,13.7,40.1,-,-,-,-,-,6828,7304,1995,8.2,39.5,-,-,530.6,13415,2.4,73299,92509,39660,24.2,63.7,-,-,229.0,26084,3.9,61344,51951,8798,9.6,82.3,-,-,301.6,43128,1.3,66227,64074,6938,3.9,86.9,-,-,1140.5,19709,3.8,207174,224185,57763,9.7,72.0,-,-,,,,,,,,,,,322.2,18046,4.0,47538,53425,17799,9.7,64.6,-,-,55.3,15280,5.1,12181,11913,3623,8.4,69.1,-,-,1145385,-
"1995",4945021,5049203,5744213,752271,,,,,,,,,,,566.8,12569,9.6,125058,135119,45093,2.1,54.8,36772,-,100.7,18167,-,19046,29579,5271,8.8,59.4,220,-,5449.1,43429,2.7,443116,336042,126365,3.2,101.1,101640,-,169.5,2898,7.9,21599,35710,58486,7.6,1.3,13183,-,,,,,,,,,,,604.0,20614,-,191160,-,29164,9.5,75.2,14415,-,360.1,3928,-6.3,79542,75858,91663,7.1,26.4,12147,-,7639.7,28691,2.7,584743,770852,265164,5.7,69.9,95191,-,,,,,,,,,,,73.4,5107,8.9,16016,14381,4.7,57.3,1014,-,92.5,2540,5.2,10201,13853,36421,8.7,28.3,-,-,11.6,3266,4.2,2702,3253,3546,5.2,20.6,-,,,,,,,,,,,241.0,30326,2.7,57642,66386,7990,4.4,77.1,4990,-,288.0,28414,2.4,175849,159683,10186,9.3,75.0,11606,-,60.1,5824,6.5,21685,-,10358,4.0,56.2,7184,-,185.0,35351,3.0,51478,45728,5233,7.0,72.9,654,-,4.5,3131,-,1839,2545,1433,9.7,42.0,-,-,134.2,26272,4.2,39573,28114,5119,17.0,80.0,3176,-,1601.1,26890,2.1,286738,275275,57802,11.8,79.5,18100,-,2585.8,31658,1.5,523802,464271,81139,8.2,80.5,42051,-,136.9,12959,2.1,11025,25931,10746,9.1,57.0,939,-,46.4,4495,1.5,12802,15377,10349,10.2,28.7,1861,-,7.1,26634,-,1804,1759,268,5.2,47.6,-,69.2,19161,9.6,44250,32638,3592,12.0,69.0,-,-,1174.7,20665,2.9,233998,206040,57174,11.7,71.6,27766,-,5.8,2328,-,1283,1810,2508,-,42.2,279,-,7.9,2168,-,2705,3649,3627,17.5,51.3,-,21.6,52831,1.4,7815,9938,408,2.9,74.2,2613,-,452.3,29258,3.1,196276,176874,15468,7.2,73.7,6409,-,152.0,34876,4.2,41992,32968,4367,6.3,73.1,-,-,142.3,3687,7.1,22890,29064,38459,13.7,42.0,11890,-,118.1,11781,4.3,22621,32339,10091,7.1,69.0,-,-,25.8,4819,5.8,8595,-,5375,13.1,44.1,3975,-,21.4,10730,-,8316,9492,1991,7.2,44.8,394,-,614.6,15472,2.8,91716,115019,39787,22.7,66.7,13802,-,267.3,30283,3.9,79801,64741,8836,8.9,84.3,4953,-,353.1,50156,0.5,78040,76985,6996,3.3,88.4,739,-,1341.6,23124,2.5,242330,261302,57932,8.7,73.9,17604,-,,,,,,,,,,,367.2,20320,3.8,52692,61283,17993,8.5,67.6,8460,-,63.9,17400,4.7,13738,13958,3675,6.5,71.7,842,-,1154456,464869
"1996",5165435,5300397,5824892,750016,,,,,,,,,,,609.9,13398,7.9,129715,150339,45525,2.0,57.5,38903,-,110.4,19401,5.0,20610,31685,5424,8.5,66.2,265,-,4833.7,38437,3.1,410922,349165,126644,3.4,101.3,98801,-,181.5,3054,7.4,23245,43628,59423,6.6,2.4,13624,-,,,,,,,,,,,628.5,21227,-,202319,-,29458,9.6,76.4,14735,-,411.0,4412,6.8,96000,93376,93147,5.5,35.5,13196,-,8073.1,29968,3.8,625073,822025,268335,5.5,71.9,95535,-,,,,,,,,,,,78.0,5350,6.8,16657,14587,7.4,61.5,1178,-,97.2,2621,2.1,10654,13684,37076,11.8,34.2,-,-,11.7,3215,1.4,2983,3462,3632,6.2,24.2,-,,,,,,,,,,,237.3,29809,2.3,57818,67331,8018,5.3,78.5,4442,-,279.2,27490,1.3,175356,163604,10208,9.5,76.5,10818,-,67.4,6533,4.3,22425,-,10350,3.9,61.1,6509,-,187.6,35651,2.9,51480,45004,5255,6.8,74.4,739,-,4.8,3377,4.9,2076,3223,1418,9.9,51.7,-,-,132.1,25783,3.7,38435,29264,5137,15.6,80.5,3301,-,1605.7,26872,1.4,287667,277673,58012,12.4,81.0,17633,-,2497.2,30486,0.8,524198,458783,81324,8.8,81.6,39793,-,145.9,13749,2.9,11923,28559,10832,9.7,61.7,848,-,46.7,4525,0.1,15630,18058,10332,10.0,35.5,1872,-,7.4,27615,4.6,1890,2044,270,3.6,48.7,-,75.8,20835,7.4,48671,35871,3620,11.7,70.2,-,-,1312.4,23082,1.3,252039,208092,57065,11.9,74.4,23910,-,6.0,2429,2.6,1424,2311,2479,20.9,49.6,293,-,8.4,2327,5.2,3335,4468,3604,16.4,63.9,-,21.8,52572,1.4,7210,9515,414,3.3,75.1,2502,-,450.5,29007,3.5,197417,180639,15563,6.4,75.3,6326,-,163.5,37322,5.0,49645,35615,4393,5.0,74.0,-,-,160.2,4147,6.1,24389,37045,38510,12.7,50.4,10432,-,122.6,12185,3.5,23824,34104,10134,7.3,71.1,-,-,27.9,5197,6.6,8823,-,5385,11.3,46.6,3602,-,21.5,10815,3.2,8312,9423,1989,6.9,49.2,314,-,642.6,16109,2.7,101994,121782,39909,22.1,69.1,12154,-,291.7,32999,1.6,84896,66925,8859,9.6,84.7,4910,-,340.5,48145,0.5,76196,74462,7038,3.7,89.1,700,-,1415.4,24333,2.5,261122,282525,58114,8.2,76.0,17992,-,,,,,,,,,,,400.3,21861,3.9,60479,65427,18189,8.5,69.4,8415,-,70.1,18794,3.6,14361,14723,3717,6.3,73.3,808,-,1163389,454550
"1997",5528373,5645248,5905046,798945,,,,,,,,,,,569.9,12401,6.2,136164,144616,45954,2.6,60.1,42554,-,115.0,19701,3.9,22591,30840,5567,9.8,72.1,270,-,4414.7,35022,1.1,420956,338753,126893,3.4,103.0,104545,-,189.8,3144,7.6,26260,48560,60373,6.8,4.4,14475,-,,,,,,,,,,,655.0,21902,-,215241,-,29742,9.1,77.6,15553,-,500.4,5289,6.8,110431,114855,94611,4.2,42.8,14246,-,8577.6,31459,4.4,689182,899020,271714,5.0,73.6,98485,-,,,,,,,,,,,85.0,5745,7.4,17902,14786,7.1,65.3,1167,-,106.7,2827,3.4,11556,15378,37724,12.1,40.5,-,-,12.6,3392,5.5,3509,4252,3719,5.7,27.4,-,,,,,,,,,,,212.8,26705,2.1,58590,64776,8033,5.2,79.5,5181,-,252.7,24821,3.8,171881,157260,10224,9.0,77.8,10739,-,62.2,6034,-0.5,22701,-,10338,4.3,66.3,6750,-,173.5,32836,3.3,49119,44406,5278,5.4,76.0,786,-,5.1,3678,13.0,2924,4429,1410,10.4,57.2,-,-,126.9,24692,6.3,39316,29784,5152,15.0,81.4,3734,-,1452.9,24229,2.3,289736,269642,58221,12.6,82.0,19767,-,2212.0,26964,1.8,512427,445616,81399,9.9,83.2,45007,-,143.2,13428,4.5,5373,23644,10906,9.6,65.1,1016,-,47.3,4596,3.1,18990,21115,10308,9.0,42.0,1690,-,7.6,27919,5.8,1852,2020,273,3.7,49.6,-,82.8,22541,11.0,53340,39349,3651,10.2,71.3,-,-,1241.9,21829,1.8,240404,210268,56904,12.0,75.9,25842,-,6.5,2681,8.9,1664,2718,2453,14.9,53.8,-,-,10.1,2830,8.3,3860,5644,3580,14.1,69.6,-,19.7,47042,5.7,6971,9323,420,2.5,76.1,2580,-,416.8,26701,4.3,194905,178130,15655,5.5,76.9,6641,-,161.4,36629,5.3,48542,35709,4420,4.7,75.9,585,-,159.4,4123,6.4,25708,42237,38545,11.0,57.9,11585,-,117.0,11576,4.4,23399,33823,10175,6.6,72.7,-,-,27.7,5147,5.9,8794,-,5391,11.9,49.5,3835,-,20.8,10455,5.0,8372,9357,1987,6.7,53.3,373,-,590.1,14731,3.7,104363,122717,40035,20.7,70.5,13683,-,268.1,30312,3.1,82946,65676,8869,10.4,85.3,5148,-,295.1,41631,2.3,72493,71064,7069,4.2,89.6,789,-,1558.2,26720,5.0,281575,301787,58307,7.1,77.7,18501,-,,,,,,,,,,,434.6,23469,4.0,62902,65892,18387,8.4,69.6,8831,-,66.1,17474,2.0,14222,14519,3752,6.9,74.2,758,-,1172225,485116
"1998",5445017,5567808,5984794,777321,,,,,,,,,,,384.0,8297,-5.1,132313,93282,46287,7.0,64.6,39896,-,116.2,19462,4.0,22734,29342,5699,10.8,76.1,280,-,4032.5,31903,-1.1,387935,280489,127117,4.1,103.7,93548,-,276.0,4500,2.4,26881,45921,61330,6.9,8.1,14144,-,,,,,,,,,,,634.0,21025,2.8,214647,-,30022,8.3,78.4,15930,-,526.5,5481,5.2,117460,130945,96056,3.7,49.6,14218,-,9062.8,32854,4.5,682138,944353,275175,4.5,74.8,98658,-,,,,,,,,,,,81.6,5447,4.3,16353,14978,7.3,68.7,1171,-,98.4,2566,0.6,10890,14635,38364,15.0,48.1,636,-,13.7,3597,7.2,5526,6239,3804,5.3,30.6,-,,,,,,,,,,,218.3,27362,3.6,62742,68183,8041,5.5,80.3,5282,-,258.5,25338,2.0,179078,164669,10237,9.3,78.5,11425,-,66.8,6490,-0.4,26418,-,10323,5.9,73.4,6498,-,177.0,33368,2.2,48839,46330,5300,5.0,77.4,790,-,5.7,4088,4.3,3199,4725,1406,9.5,61.8,2,-,134.0,26009,5.5,42104,31364,5164,13.2,82.6,3952,-,1503.1,24974,3.6,305641,288389,58444,12.1,82.6,20126,-,2239.0,27289,2.0,543397,471418,81403,9.8,84.0,44046,-,144.4,13472,3.9,5566,23247,10970,10.8,68.2,1109,-,48.7,4744,3.9,22991,25678,10280,8.9,47.9,1816,-,8.5,31030,7.4,1927,2482,275,3.1,50.4,-,90.1,24274,8.7,64230,44634,3688,7.7,73.0,358,-,1270.1,22318,1.8,245700,218445,56743,12.1,77.4,25714,-,7.2,2971,6.3,1801,3189,2431,14.5,56.3,472,-,11.2,3167,7.5,3688,5765,3555,13.7,73.1,-,20.2,47584,6.0,7919,10165,426,2.8,76.8,2477,-,438.0,27886,4.7,201374,187747,15746,4.4,78.4,6377,-,154.2,34788,2.6,40399,37473,4447,3.7,77.6,637,-,174.7,4518,4.6,28407,46947,38564,9.9,64.6,9915,-,123.9,12199,4.8,24220,37049,10214,4.7,74.6,936,-,29.9,5539,4.1,10668,-,5395,12.2,52.8,3428,-,22.1,11176,3.3,11642,13006,1987,7.4,57.5,405,-,619.2,15394,4.4,109228,133149,40202,18.7,71.7,14827,-,270.8,30597,4.3,84969,68590,8871,8.9,85.1,5153,-,303.9,42740,3.1,75431,73877,7092,3.6,89.6,800,-,1651.6,28239,3.7,270776,306838,58510,6.2,79.1,17315,-,,,,,,,,,,,398.9,21319,4.6,55900,64630,18587,7.7,70.2,8941,-,56.2,14738,0.8,12027,12496,3784,7.7,75.1,756,-,1180917,472038
"1999",5642907,5803282,6064239,788961,,,,,,,,,,,497.2,10667,11.5,143685,119752,46617,6.3,65.1,41042,-,117.4,19163,3.1,25794,33166,5825,11.2,80.0,280,-,4562.1,36027,-0.3,419354,311244,127326,4.7,103.4,94192,-,256.4,4116,-3.3,26587,40226,62287,7.7,13.3,14313,-,,,,,,,,,,,678.4,22315,4.0,239341,-,30303,7.6,79.7,16235,-,600.2,6157,2.8,136391,148648,97485,2.6,57.8,15274,-,9630.7,34514,4.8,695797,1059435,278548,4.2,76.4,97427,-,,,,,,,,,,,75.2,4958,-0.4,17194,15163,11.2,70.9,1291,-,86.2,2210,-4.2,7,9,38999,20.1,53.3,534,-,14.3,3669,4.2,6662,6355,3885,5.9,33.7,-,,,,,,,,,,,217.2,27174,3.6,64126,69558,8051,4.7,80.7,5202,-,258.2,25244,3.5,178979,164612,10255,8.7,79.4,10931,-,65.2,6337,1.4,26241,-,10306,8.5,75.0,5616,-,178.0,33441,2.9,50399,44519,5322,5.1,79.4,729,-,5.8,4145,-0.4,2408,3428,1404,11.6,63.9,1,-,135.2,26177,4.4,41842,31618,5176,11.7,83.5,3956,-,1492.6,24673,3.4,299666,294187,58704,12.0,83.0,20200,-,2194.2,26726,1.9,542890,473557,81390,8.9,84.5,42062,-,142.5,13245,3.1,10475,28013,11028,11.9,70.0,951,-,49.1,4793,3.1,24950,27923,10249,6.9,52.7,1813,-,9.0,32382,4.0,2002,2517,278,2.2,52.1,-,98.7,26295,10.5,71222,47196,3731,5.8,74.2,335,-,1252.0,21998,1.6,235079,220201,56656,11.7,78.7,24878,-,7.5,3148,2.7,1723,2945,2408,13.8,57.6,482,-,11.0,3113,-1.1,3036,4874,3529,13.4,73.7,-,22.2,51654,8.5,7769,10963,431,2.4,77.6,2600,-,446.9,28263,5.0,200785,190285,15836,3.6,80.1,6075,-,162.3,36371,2.0,45455,34166,4474,3.3,79.5,610,-,170.0,4398,4.7,27335,45787,38568,12.3,69.2,8848,-,127.4,12471,3.9,25258,42181,10255,4.6,76.4,1044,-,30.5,5644,-0.1,10220,-,5398,16.0,58.4,3569,-,22.7,11453,5.3,10585,12485,1988,7.3,61.1,405,-,634.7,15715,4.5,109968,144441,40454,15.5,73.4,14882,-,274.1,30941,4.2,85054,68949,8873,7.6,85.5,5066,-,298.5,41786,1.7,76122,75438,7115,3.2,90.3,800,-,1682.2,28666,3.3,267751,314861,58716,6.0,80.5,16298,-,,,,,,,,,,,388.6,20533,5.1,56078,65520,18788,6.9,71.2,8172,-,58.8,15322,5.5,12478,14299,3818,7.0,75.0,775,-,1189639,466888
"2000",6364100,6578895,6143494,848925,,,,,,,,,,,576.4,12261,9.1,172268,160481,47008,4.4,66.6,43107,44.7,132.7,21101,7.5,28335,35214,5946,11.1,80.8,280,20.9,4887.5,38532,2.8,479296,379727,127524,4.8,102.7,106444,30.0,274.3,4337,6.9,27701,54367,63240,6.5,20.6,14325,3.8,,,,,,,,,,,744.8,24271,4.9,288057,243646,30588,6.8,81.9,16595,51.3,707.9,7158,4.9,166072,19319,98900,2.7,63.3,15631,5.1,10252.3,36335,4.1,781918,1259297,281711,4.0,79.0,101803,43.1,,,,,,,,,,,77.9,5075,5.3,19210,15342,10.5,73.7,1352,16.6,99.9,2520,2.9,13159,11757,39630,20.5,58.2,660,2.2,15.0,3789,3.9,5932,6339,3962,5.1,37.4,5.8,,,,,,,,,,,196.8,24564,3.4,67479,72143,8069,4.7,82.6,5707,33.7,236.2,23042,3.7,187887,177005,10282,6.6,81.4,11636,29.4,61.8,6029,4.0,28996,-,10289,8.8,77.8,6216,9.8,164.2,30744,3.7,50380,44356,5341,4.5,81.7,801,39.2,5.7,4076,10.1,3166,4234,1399,13.4,66.5,-,28.6,125.7,24285,5.8,45482,33900,5188,11.1,86.1,4096,37.2,1362.2,22364,3.9,298737,311022,59015,10.2,84.4,20954,14.3,1943.1,23636,2.9,550236,495463,81401,7.9,85.7,46376,30.2,130.1,12043,3.9,190229,179199,11082,11.3,72.2,1088,9.1,47.2,4624,4.5,28006,31958,10221,6.6,57.9,1871,7.0,9.0,32096,5.0,1896,2575,280,1.9,54.7,44.5,99.9,26246,9.4,77038,50893,3783,4.3,78.4,360,17.9,1143.8,20088,3.8,240262,239024,56692,10.8,80.7,26759,23.1,7.9,3358,5.7,1865,3183,2384,14.2,59.2,498,6.3,11.5,3293,3.7,3548,5219,3502,15.9,74.4,6.4,21.3,48736,8.2,7833,10707,436,2.4,80.1,2571,22.9,416.4,26149,4.2,213424,198926,15926,2.7,81.9,5666,44.0,171.2,38131,3.2,60058,34391,4499,3.5,81.9,679,52.0,172.2,4501,4.6,31684,48970,38557,16.3,76.0,10498,7.3,118.3,11498,3.8,25089,42128,10297,3.8,78.5,1088,16.4,29.2,5413,1.2,11889,-,5399,19.1,65.4,3733,9.4,20.3,10201,3.7,9492,10984,1988,6.9,66.5,519,15.1,596.9,14713,5.2,113348,152901,40825,13.8,75.9,15874,13.6,262.8,29625,4.8,87946,73256,8882,5.5,86.2,5227,45.7,279.8,38952,4.0,80452,82461,7144,2.7,91.7,1000,47.1,1658.2,28156,3.5,281488,333896,58923,5.6,81.5,15155,26.8,,,,,,,,,,,415.2,21679,3.9,63807,71590,18991,6.3,74.4,7129,46.8,52.6,13641,2.9,13298,13906,3859,6.1,77.0,702,47.4,1198505,496400
"2001",6138917,6375638,6222627,851073,,,,,,,,,,,547.7,11563,4.9,150439,141098,47370,4.0,69.3,43852,56.6,131.1,20354,0.1,25719,32697,6061,11.8,81.8,280,17.4,4303.5,33846,0.4,403241,349201,127714,5.0,101.9,102866,38.5,201.8,3143,-5.8,31331,41454,64192,8.4,31.8,14981,5.2,,,,,,,,,,,739.0,23822,1.4,270824,225847,30880,7.2,84.0,15276,60.2,756.7,7545,-0.4,158821,18884,100298,2.6,67.3,13300,7.0,10581.8,37133,1.0,729100,1179177,284608,4.7,81.2,90104,49.1,,,,,,,,,,,71.0,4575,3.3,18272,15516,10.4,76.3,1247,19.1,98.2,2440,1.7,12330,12821,40256,15.0,62.9,638,2.9,16.0,3960,3.5,5060,6571,4034,5.9,41.6,9.6,,,,,,,,,,,197.3,24538,1.3,70782,74689,8098,4.0,84.8,5869,39.2,236.5,22995,1.1,190352,178718,10319,6.2,83.4,10762,31.3,67.8,6637,3.0,33399,-,10271,8.0,81.4,6316,14.7,164.8,30752,0.8,51068,44124,5358,4.2,83.6,751,43.0,6.3,4509,6.0,3314,4300,1392,13.1,70.3,1,31.5,129.4,24946,2.6,42831,32156,5200,10.3,88.3,3938,43.1,1376.5,22434,2.0,299339,307640,59384,8.6,85.8,19343,26.3,1944.1,23608,1.7,571479,486073,81454,7.8,87.4,44803,31.7,136.2,12538,4.1,88068,95299,11134,10.5,74.6,1281,10.9,53.7,5276,4.1,30533,33728,10193,5.7,63.2,1956,14.5,8.2,28897,4.0,2013,2274,283,1.9,58.2,49.4,109.2,28240,5.3,82806,50594,3842,3.7,82.2,150,23.1,1167.0,20483,2.0,244345,235712,56875,9.6,83.0,26545,27.2,8.4,3573,6.3,2001,3504,2359,13.8,60.6,515,7.2,12.2,3526,6.5,4279,6060,3474,16.8,75.4,7.2,21.3,48179,2.5,8202,11255,440,1.8,82.2,2725,36.2,431.2,26873,2.3,216183,195571,16018,2.1,85.4,6037,49.4,174.0,38543,2.1,59216,32953,4523,3.7,84.4,640,64.0,190.9,4991,1.3,36159,50378,38530,18.4,80.2,8809,9.9,121.5,11725,1.9,24930,41665,10341,3.8,82.0,728,18.1,30.8,5717,3.3,12641,-,5400,19.4,70.2,3989,12.5,20.9,10480,3.2,10347,11344,1987,5.7,72.1,462,30.2,627.3,15356,3.9,115177,153636,41319,10.4,78.7,16504,18.1,242.4,27248,1.4,78690,64389,8898,4.7,88.3,5518,51.8,287.2,39728,1.6,82077,84086,7179,2.5,92.7,1000,55.1,1638.7,27718,2.7,270939,324926,59124,4.7,82.7,13543,33.5,,,,,,,,,,,378.4,19491,1.9,63318,64310,19195,6.7,77.7,7033,52.7,53.9,13883,3.5,13729,13308,3908,5.4,79.0,826,53.2,1207427,472588
"2002",6419087,6627146,6301773,904053,,,,,,,,,,,627.2,13164,7.7,162471,152126,47645,3.3,71.2,45390,59.4,121.4,18480,0.0,25632,32548,6169,12.9,86.5,280,17.8,4115.1,32289,0.1,416726,337598,127893,5.4,101.0,107745,46.6,240.3,3688,6.4,35974,51551,65145,10.4,46.1,16467,11.4,,,,,,,,,,,760.6,24255,3.4,262476,226952,31178,7.7,85.9,16002,61.6,772.1,7593,-0.0,161124,18294,101685,3.0,70.7,14010,11.9,10936.4,38023,1.7,693103,1200227,287279,5.8,82.5,91587,58.8,,,,,,,,,,,69.7,4446,3.1,18180,15684,10.2,78.2,1279,22.1,98.0,2397,2.5,11975,12695,40875,14.5,66.8,664,4.6,16.6,4043,3.4,5289,7315,4101,6.3,45.4,19.9,,,,,,,,,,,213.4,26402,1.7,78716,78308,8134,4.9,86.3,6189,36.6,257.2,24888,1.7,215971,198223,10365,6.9,84.8,11343,46.3,82.2,8061,1.6,38488,-,10252,7.0,83.0,6512,23.9,178.6,33229,0.5,56304,48886,5373,4.3,85.6,392,64.3,7.4,5345,6.8,3448,4811,1383,10.0,72.8,1,41.5,139.7,26870,1.7,44702,33661,5213,10.4,89.7,4003,62.4,1494.3,24177,1.1,312585,317448,59803,8.7,87.4,20258,30.2,2068.6,25078,-0.2,616014,490486,81535,8.5,88.6,45015,48.8,153.8,14110,3.9,10332,31316,11182,10.0,77.3,1835,14.7,67.6,6655,4.7,34508,37787,10167,5.6,66.5,2053,16.7,9.3,32409,0.6,2231,2276,285,3.0,61.3,79.1,127.9,32540,5.9,87923,52082,3908,4.2,86.0,-,25.9,1270.7,22270,0.3,254611,246459,57183,9.2,85.0,26066,28.0,9.5,4132,7.1,2284,4053,2333,13.8,61.8,520,21.9,14.3,4142,6.8,5232,7526,3445,13.0,75.6,17.7,23.6,52931,3.8,8503,11610,444,2.6,83.9,2719,39.8,471.6,29204,0.2,219976,194234,16110,2.6,88.2,6117,61.3,195.5,43084,1.4,59663,34873,4546,4.0,85.5,698,72.8,199.1,5207,2.0,41032,55141,38489,19.9,81.7,8368,21.2,134.2,12875,0.8,26897,42626,10386,4.5,84.9,920,19.4,35.1,6534,4.5,14478,-,5400,18.7,72.4,4275,40.1,23.5,11777,3.5,10962,11574,1987,5.9,77.5,481,27.8,705.4,17026,2.7,123635,163672,41920,11.2,81.1,16408,20.4,266.8,29899,2.2,83225,67693,8921,5.0,90.2,5754,70.6,310.2,42579,-0.0,91986,87345,7220,2.9,93.3,1000,61.4,1780.1,29983,2.2,278399,337949,59326,5.0,84.0,11667,56.5,,,,,,,,,,,394.6,20082,4.0,65020,73017,19401,6.4,80.0,7527,-,66.6,16874,4.7,14383,15047,3963,5.3,81.1,765,59.1,1216328,484310
"2003",7473815,7708527,6381185,969915,,,,,,,,,,,702.6,14669,3.1,193817,178827,47892,3.6,73.7,46310,65.5,127.3,19034,1.1,27875,33657,6278,13.5,87.1,280,19.6,4445.7,34808,1.5,471816,383299,128058,5.3,100.7,110511,48.4,314.6,4760,5.8,47125,69453,66089,10.5,56.1,18298,12.3,,,,,,,,,,,895.5,28300,3.8,283926,244646,31488,7.6,88.2,15929,64.2,729.3,7075,1.4,164846,16545,103081,3.5,73.9,15159,12.9,11458.2,39496,2.9,724771,1303050,289816,6.0,84.4,93677,61.7,,,,,,,,,,,75.6,4773,4.1,21651,15850,9.8,80.4,1377,25.5,94.6,2281,3.9,13129,13882,41484,13.2,71.6,668,7.4,17.3,4148,4.3,6164,7906,4164,6.6,49.7,20.3,,,,,,,,,,,261.7,32223,0.9,97255,99615,8176,4.8,87.5,6261,42.7,317.4,30588,1.0,255631,234962,10419,7.7,86.2,11114,50.0,100.1,9819,3.6,48709,-,10239,7.5,83.1,6783,34.3,218.1,40459,0.4,65267,56216,5387,5.4,87.4,-,76.3,9.9,7206,7.6,4539,6481,1373,11.3,73.8,-,45.3,171.3,32855,2.0,52516,41602,5227,10.5,90.5,4766,69.2,1840.5,29568,0.8,368888,377051,60252,8.3,89.3,19758,36.1,2496.1,30244,-0.7,751792,604715,81614,9.8,89.6,44809,55.9,201.9,18478,5.8,13476,44228,11219,9.4,80.1,1701,17.8,85.3,8421,4.1,43060,47750,10141,5.8,69.6,1989,21.6,11.4,39477,2.1,2381,2828,288,4.0,62.5,83.1,164.3,41101,3.0,92830,53865,3980,4.5,89.0,-,34.3,1574.1,27466,0.1,297046,295006,57565,8.9,87.3,27058,29.0,11.7,5135,8.4,2893,5242,2306,12.1,63.6,520,27.0,18.8,5499,10.6,6970,9669,3414,12.9,74.8,25.9,29.6,65446,1.6,9981,13695,447,3.7,85.6,2675,54.6,578.8,35672,0.2,264860,234023,16201,3.6,90.0,6571,64.4,228.9,50135,0.9,68321,40055,4570,4.2,87.6,703,78.1,217.8,5702,3.5,53699,68153,38442,19.4,82.2,9107,24.9,164.9,15763,-0.9,33103,50328,10430,6.1,87.6,1000,29.7,46.8,8713,5.5,21966,-,5400,17.1,78.6,4588,43.0,29.6,14849,3.0,11285,12239,1988,6.5,81.8,541,31.9,905.5,21463,3.0,156032,208562,42596,11.3,83.5,16286,39.9,334.3,37322,2.3,102338,84357,8951,5.6,91.9,5707,79.1,363.1,49470,-0.0,104954,100342,7268,4.1,93.8,1000,65.1,2050.9,34384,3.3,305005,381754,59561,4.8,85.1,13268,64.8,,,,,,,,,,,466.5,23447,3.0,70338,89049,19624,5.9,82.2,7544,-,88.3,21914,4.5,16526,18560,4022,4.8,82.6,853,61.0,1225300,496811
"2004",9095817,9404762,6461159,1062540,,,,,,,,,,,793.6,16506,5.2,253845,224463,48083,3.7,76.3,47521,72.7,135.7,19934,4.2,33804,40347,6397,13.0,86.7,280,22.8,4815.1,37689,2.2,565673,455189,128204,4.7,100.7,112718,62.4,408.9,6102,9.8,63196,97779,67011,10.8,60.9,20478,14.6,,,,,,,,,,,1026.7,32144,3.9,328673,279361,31815,7.2,89.9,16305,66.0,782.2,7484,3.9,187956,18246,104515,3.9,77.4,16737,14.1,12213.7,41713,3.8,814875,1525516,292355,5.5,86.6,99681,64.8,,,,,,,,,,,99.2,6195,7.2,33025,16015,10.2,81.2,1579,28.2,117.1,2783,5.3,16788,16764,42076,12.7,75.8,730,9.1,18.6,4405,4.4,6441,8293,4225,6.4,55.8,20.8,,,,,,,,,,,300.9,36822,2.7,118359,119961,8217,5.8,89.3,6530,54.3,368.5,35364,3.6,306807,285611,10480,7.4,88.0,11698,53.9,119.8,11750,4.8,67194,-,10239,8.2,85.4,7033,35.5,251.4,46512,2.7,75620,66886,5403,5.2,88.4,-,80.9,12.1,8913,6.8,5934,8334,1364,10.3,76.0,-,53.2,197.1,37703,4.0,60920,50679,5242,10.4,90.6,4832,72.4,2115.7,33741,2.8,418369,443662,60698,8.9,91.2,20770,39.2,2809.2,34044,1.2,909456,715863,81646,10.7,91.0,46374,64.7,240.5,21955,5.1,16642,56125,11235,10.3,82.4,1967,21.4,104.0,10286,4.8,54893,59633,10114,5.8,74.3,1952,27.7,13.8,47335,7.8,2889,3715,291,4.0,64.5,83.9,193.9,47645,6.8,104748,61851,4058,4.5,90.9,-,37.0,1803.2,31260,1.4,354255,355876,57948,7.9,89.2,28604,33.2,14.4,6364,8.5,3982,7048,2279,11.7,67.6,662,38.6,22.6,6700,6.6,9307,12386,3381,10.7,75.6,31.2,34.7,75716,3.6,12168,17011,452,5.1,87.5,2684,65.9,657.2,40362,2.0,318075,284027,16287,4.7,91.1,6848,68.5,264.5,57604,4.0,82527,48534,4598,4.3,88.0,725,77.7,255.1,6681,5.0,74828,89362,38400,19.1,85.0,10593,32.5,189.0,18031,1.8,38452,61287,10471,6.3,89.7,1445,31.8,57.3,10672,5.3,29215,27645,5399,18.6,84.5,4454,52.9,34.4,17233,4.4,12783,14143,1990,6.0,84.7,566,40.8,1067.1,24861,3.1,182161,257678,43308,11.1,86.1,17621,44.0,385.1,42822,4.3,122571,100927,8991,6.7,92.3,5978,83.9,405.5,54878,2.8,123009,115976,7324,4.3,94.6,1000,67.8,2412.0,40209,2.3,345504,456569,59873,4.6,86.3,13766,65.6,,,,,,,,,,,612.5,30431,4.1,86565,109510,19880,5.4,84.1,7414,-,103.9,25420,4.0,20344,23194,4080,4.0,84.4,885,61.8,1234344,520430
"2005",10374073,10708150,6541907,1147805,,,,,,,,,,,934.7,19399,4.3,284419,261238,48185,3.7,78.4,47820,73.5,142.7,20586,3.8,36608,44453,6529,11.3,87.9,300,25.2,4755.4,37218,1.7,594860,515809,128326,4.5,100.4,112471,66.9,506.3,7456,9.0,73715,117115,67903,10.6,65.9,20965,15.5,,,,,,,,,,,1173.1,36383,5.0,370734,320129,32164,6.8,91.9,15327,71.7,877.5,8278,2.3,214074,21351,106005,3.6,80.5,16195,17.2,13036.6,44115,3.5,901082,1735061,294994,5.1,89.6,94897,68.0,,,,,,,,,,,123.0,7599,5.7,41974,16183,9.3,83.7,1541,31.2,145.6,3414,4.8,21146,21204,42648,11.1,79.7,842,11.0,20.0,4676,4.0,7151,9641,4286,6.6,63.5,22.1,,,,,,,,,,,316.0,38403,2.2,125007,127145,8254,5.6,91.4,7031,58.0,385.6,36796,2.3,334278,318589,10547,8.4,90.4,10420,55.8,137.1,13431,6.6,77985,76340,10258,7.9,87.0,6189,35.3,264.5,48800,2.3,82278,72710,5422,4.8,90.0,-,82.7,14.1,10406,9.5,7698,10213,1356,8.0,79.1,-,61.5,204.8,39040,2.8,65193,58435,5259,8.4,91.2,4739,74.5,2196.1,34760,1.7,441919,488868,61120,8.5,92.8,19481,42.9,2845.8,34507,0.7,969983,775620,81603,11.2,92.5,44524,68.7,247.8,22552,0.6,18436,57728,11225,10.0,85.3,2266,24.0,113.0,11201,4.2,61767,65293,10086,7.2,76.9,1958,39.0,16.9,56795,6.1,3092,4989,295,2.6,67.1,87.0,211.7,50891,5.7,109617,68531,4141,4.3,93.1,-,41.6,1857.5,32043,0.8,373635,385286,58281,7.7,91.0,29350,35.0,17.0,7575,10.7,5108,8592,2252,10.0,72.1,688,46.0,26.1,7855,7.7,11782,15511,3344,8.3,77.7,36.2,37.3,80290,3.2,19068,22506,458,4.5,89.7,2194,70.0,685.1,41979,2.1,349600,310382,16367,5.9,92.7,6919,81.0,308.9,66810,2.6,103751,55481,4632,4.4,89.3,705,82.0,306.1,8022,3.5,89245,101399,38369,17.8,86.9,8336,38.8,197.2,18773,0.8,38720,63879,10508,7.6,91.8,1408,35.0,62.8,11686,6.6,34229,31852,5399,16.3,86.8,4485,55.2,36.2,18099,3.8,14397,15805,1995,6.5,86.8,583,46.8,1153.3,26419,3.7,190843,287436,44019,9.2,89.0,17826,47.9,392.2,43437,2.9,131081,111083,9039,7.5,92.7,5723,84.8,420.5,56547,2.9,130905,126544,7387,4.4,95.7,1158,70.1,2532.8,41933,3.0,380961,488959,60288,4.8,88.1,13239,70.0,,,,,,,,,,,693.4,33999,3.2,106097,125107,20179,5.0,86.3,7757,63.0,114.7,27751,3.3,21728,26233,4135,3.8,87.0,889,62.7,1243441,508226
"2006",11993476,12311615,6623518,1250098,,,,,,,,,,,1052.4,21727,5.3,325465,309383,48438,3.5,80.2,48455,78.1,154.2,21855,5.6,39714,47333,6681,10.7,89.7,300,27.9,4530.4,35434,1.4,646737,579042,128423,4.2,100.7,116226,68.7,557.1,8102,6.9,86003,140234,68757,8.7,72.2,23315,18.2,,,,,,,,,,,1319.3,40504,4.2,398470,356714,32537,6.3,93.7,15493,72.4,975.4,9068,4.5,250015,24588,107560,3.6,83.4,16447,19.5,13814.6,46299,2.9,1025967,1918077,297759,4.6,92.4,98188,68.9,,,,,,,,,,,154.8,9465,6.3,59380,16355,9.0,86.6,1607,34.5,161.6,3741,6.7,24512,26163,43201,11.3,83.1,1211,15.3,22.7,5227,7.3,8453,12741,4345,5.7,70.8,25.1,,,,,,,,,,,336.0,40635,3.5,136933,137388,8285,5.2,92.7,7129,63.6,407.9,38673,2.6,366760,351571,10619,8.3,92.0,11631,59.7,156.3,15262,6.8,95143,93430,10299,7.2,89.2,6862,47.9,282.9,52027,3.9,90903,84161,5444,3.9,91.7,-,86.7,17.0,12632,9.7,9705,13472,1349,5.9,82.6,-,63.5,216.9,41188,4.0,77289,69449,5277,7.7,92.6,5054,79.7,2318.6,36444,2.4,491289,547224,61509,8.5,94.3,19852,46.9,2992.2,36323,3.8,1108901,907453,81472,10.3,93.9,47224,72.2,273.3,24801,5.7,21532,67297,11185,9.0,88.0,2416,32.3,115.6,11476,4.0,73500,75960,10056,7.5,79.9,2084,47.1,17.5,57493,6.3,3465,6160,300,2.8,71.6,89.5,232.0,54283,5.0,108771,73143,4231,4.4,96.8,-,54.8,1947.9,33502,1.8,420342,446115,58543,6.8,92.9,31624,38.0,21.5,9700,12.0,5893,11431,2225,7.0,76.9,690,53.6,30.2,9231,7.4,14153,19413,3303,5.8,80.6,43.9,42.4,89740,5.2,22985,27115,466,4.7,92.1,2802,72.5,733.3,44863,3.5,400670,358515,16440,5.0,93.7,6372,83.7,345.6,74148,2.4,122122,64278,4673,3.4,91.4,684,82.6,344.6,9035,6.1,110941,127260,38354,13.8,88.0,10008,44.6,208.6,19823,1.6,44782,70713,10543,7.7,94.6,1719,38.0,70.7,13160,8.5,44535,41711,5399,13.4,90.7,5093,56.1,39.5,19673,5.7,17004,18355,2002,6.0,89.0,628,54.0,1259.3,28365,4.1,213353,326051,44729,8.5,92.1,18391,50.4,423.1,46594,4.7,146946,128049,9096,7.1,94.0,5466,87.8,443.8,59301,4.0,147844,141430,7458,4.0,96.7,1252,75.7,2706.0,44473,2.7,450853,560523,60821,5.4,90.3,13871,68.8,,,,,,,,,,,746.1,36045,2.8,123437,139299,20526,4.8,89.4,7881,66.0,111.5,26655,2.9,22434,26430,4186,3.9,89.9,810,69.0,1252846,530785
"2007",13830522,14161480,6705947,1348108,,,,,,,,,,,1172.7,24088,5.8,371489,356846,48684,3.2,82.2,51517,78.8,179.1,24939,5.7,45924,56115,6847,9.4,90.1,300,48.1,4515.3,35275,1.7,714211,622135,128494,3.9,100.7,120203,74.3,681.3,9792,5.0,107654,170837,69582,8.9,78.5,25754,28.6,,,,,,,,,,,1468.8,44660,6.9,430613,388490,32931,6.0,95.7,15572,73.2,1052.7,9643,2.3,271881,27023,109171,3.6,86.7,17573,20.8,14451.9,47976,1.9,1148199,2020403,300608,4.6,95.1,98101,75.0,,,,,,,,,,,173.6,10502,4.9,68561,16530,8.4,90.4,1678,35.9,206.2,4714,6.7,30279,32897,43738,10.3,87.7,1245,21.8,26.9,6104,8.2,9569,14096,4405,4.5,77.4,28.4,,,,,,,,,,,388.7,46856,3.7,163839,163281,8314,4.9,94.7,7578,69.4,470.3,44263,3.7,431120,412012,10698,7.5,93.7,10692,64.4,190.2,18467,5.6,122760,118467,10358,5.3,91.7,7059,51.9,319.4,58487,0.9,101942,97344,5470,3.8,93.3,-,85.0,22.4,16742,7.6,11018,15686,1344,4.6,88.1,-,66.2,256.1,48415,5.3,90092,81756,5298,6.9,95.0,4431,80.8,2657.2,41508,2.4,553420,633577,61869,7.7,95.7,19250,66.1,3421.2,41587,3.0,1322195,1055854,81278,8.7,96.1,48550,75.2,318.5,28827,3.3,26552,84851,11120,8.4,90.6,2554,35.9,140.0,13919,0.2,93980,94390,10024,7.4,86.3,2227,53.3,21.7,69496,8.5,4243,6376,305,2.3,75.2,90.6,269.8,61337,5.3,121502,83906,4325,5.0,101.5,-,61.2,2210.3,37823,1.5,499946,512772,58748,6.1,94.6,31553,40.8,31.0,14091,10.0,7892,15182,2198,6.1,84.6,696,59.2,39.7,12285,11.1,17163,24445,3259,4.3,85.2,49.9,50.9,106018,8.4,22949,28047,475,4.1,94.2,2858,78.9,847.5,51733,3.8,472662,421094,16507,4.2,95.2,7368,85.8,400.9,85140,3.0,136371,80378,4719,2.5,92.1,708,86.9,429.0,11255,7.1,140338,166047,38353,9.6,90.2,10632,48.6,240.2,22782,2.5,52493,82280,10573,8.0,96.9,1853,42.1,86.5,16086,10.8,59013,58050,5399,11.1,93.2,5089,61.8,48.0,23788,7.0,19629,21521,2012,4.8,92.2,638,56.7,1472.1,32550,3.6,248918,385356,45429,8.2,94.7,18999,55.1,491.3,53700,3.4,169604,154052,9163,6.2,96.0,5673,82.0,493.5,65360,4.0,172060,161232,7537,3.7,97.4,1264,77.2,3093.4,50445,2.4,442478,625864,61455,5.3,92.4,14317,75.1,,,,,,,,,,,853.1,40960,3.8,141358,165366,20916,4.4,91.5,7939,69.5,137.2,32480,3.0,26622,30689,4233,3.7,92.1,845,69.8,1262369,544716
"2008",16056261,16349694,6789089,1343429,,,,,,,,,,,1046.8,21340,3.0,422007,435275,49055,3.2,86.1,53625,81.0,216.3,29600,3.0,51276,64474,7021,7.7,94.2,300,59.4,5037.9,39339,-1.1,782049,762590,128539,4.0,102.1,118739,75.4,770.5,10941,0.8,132446,201851,70419,9.7,86.7,26806,34.4,,,,,,,,,,,1553.0,46711,1.0,460709,417928,33338,6.1,98.0,14945,76.7,1110.0,10017,1.1,291856,29448,110815,3.9,91.2,17209,21.7,14712.8,48383,-0.1,1287442,2169487,303486,5.8,98.7,91895,74.0,,,,,,,,,,,179.6,10751,3.5,64510,16708,9.3,98.3,1549,37.3,242.2,5473,3.3,36787,39666,44255,10.5,93.8,1053,25.6,30.8,6901,4.7,9606,15289,4463,4.8,87.8,32.3,,,,,,,,,,,430.3,51709,1.5,181576,184335,8342,4.1,97.7,7594,72.9,515.2,48107,0.4,473350,467382,10779,7.0,97.9,10673,66.0,236.8,22805,2.7,146406,142172,10425,4.4,97.6,6387,63.0,353.4,64322,-0.5,116331,109013,5498,3.7,96.5,-,85.0,24.4,18227,-5.1,12472,16059,1340,5.5,97.2,-,70.6,284.6,53554,0.8,96839,92108,5319,6.4,98.8,4417,83.7,2918.4,45334,0.3,611190,717300,62209,7.1,98.4,17879,70.7,3730.0,45427,1.0,1449275,1185764,81066,7.5,98.6,45833,78.0,354.5,31997,-0.3,31281,96615,11040,7.8,94.4,2477,38.2,158.1,15753,1.1,108212,108689,9992,7.8,91.5,2097,61.0,18.1,56943,2.2,5376,6107,311,3.0,84.7,91.0,274.8,61213,-4.4,125635,84131,4416,6.8,105.7,-,65.3,2398.9,40778,-1.0,542113,561127,58922,6.7,97.7,30590,44.5,35.8,16422,-3.3,9278,15775,2171,7.7,97.6,635,63.4,47.8,14945,2.6,23770,31294,3213,5.8,94.5,55.2,55.8,114294,-1.3,25691,32169,485,5.1,97.4,2582,82.2,948.0,57644,2.2,545562,494752,16568,3.7,97.6,6853,87.4,462.3,96944,0.5,171764,90293,4771,2.6,95.5,560,90.6,533.6,13996,4.2,170998,209330,38357,7.1,93.9,9728,53.1,262.3,24848,0.3,57377,94669,10595,7.6,99.4,2017,44.1,100.5,18677,5.6,71307,70255,5399,9.5,97.5,4489,66.1,55.6,27483,3.5,20042,23038,2023,4.4,97.4,642,58.0,1625.2,35366,0.9,276962,416373,46069,11.3,98.5,18640,59.6,517.7,56153,-0.5,183770,168333,9236,6.2,99.3,5198,90.0,570.3,74572,2.8,200334,183192,7623,3.4,99.8,1312,79.2,2921.4,47267,-0.3,464247,638779,62145,5.6,95.7,13521,78.4,,,,,,,,,,,1054.0,49602,3.7,187257,200332,21332,4.2,95.5,7625,71.7,133.1,31253,-1.1,30582,34374,4278,4.2,95.7,799,72.0,1272023,528669
"2009",12430350,12579062,6872767,1238749,,,,,,,,,,,944.3,19152,0.8,363534,323085,49308,3.6,88.5,48572,81.6,207.5,27720,0.9,42007,46863,7190,9.5,97.4,300,63.1,5231.4,40855,-5.4,580719,551960,128555,5.1,100.7,87534,78.0,649.3,9103,-4.8,102471,141186,71321,12.6,92.1,25304,36.4,,,,,,,,,,,1374.6,40876,-2.9,322965,329000,33746,8.3,98.3,9292,80.3,900.0,8003,-5.3,229515,18239,112464,5.4,96.0,14132,26.3,14448.9,47100,-2.5,1056000,1559700,306308,9.3,98.4,59384,71.0,,,,,,,,,,,172.4,10209,-1.6,55463,16886,11.3,98.6,1308,41.6,232.4,5193,1.1,32846,32891,44750,11.3,97.8,1052,30.0,30.7,6801,-0.9,8837,11554,4521,7.7,94.6,34.3,,,,,,,,,,,400.2,47963,-3.8,137050,143075,8373,5.3,98.2,5662,73.5,481.3,44584,-2.0,371147,354782,10860,7.9,97.9,5635,70.0,207.4,19862,-4.7,113176,105256,10488,6.7,98.5,4594,64.4,321.2,58163,-4.9,92115,80107,5526,6.4,97.7,-,86.8,19.7,14795,-14.4,9065,10149,1336,13.6,97.1,-,72.5,252.5,47294,-8.1,62892,60887,5342,8.3,98.8,3066,82.5,2690.2,41575,-2.9,476811,560652,62543,8.7,98.5,12840,71.6,3397.8,41486,-5.7,1120615,925805,80900,7.7,98.9,32670,79.0,330.0,29711,-4.3,25148,74069,10959,9.6,95.5,2000,42.4,130.8,13046,-6.7,82658,77367,9959,10.0,95.4,1403,62.0,13.2,41301,-7.7,4056,3603,316,7.2,94.9,93.0,235.9,52009,-5.1,115571,62494,4495,12.6,100.9,-,67.4,2191.2,37080,-5.3,405070,413905,59106,7.8,98.5,19848,48.8,26.3,12288,-14.3,7174,9346,2145,17.5,101.1,692,66.8,37.4,11821,-14.8,16497,18341,3167,13.8,98.7,59.8,51.4,103199,-4.4,21321,25282,497,5.1,97.8,2141,87.3,868.1,52514,-3.7,431839,382407,16626,4.4,98.7,5194,89.6,386.2,79978,-1.7,116778,68970,4827,3.1,97.6,595,92.1,439.7,11526,2.8,136786,149723,38352,8.2,97.5,7128,59.0,243.7,23060,-3.1,44264,71781,10604,9.4,98.6,1614,48.3,89.0,16532,-5.5,54206,55572,5401,12.0,99.1,3747,70.0,50.4,24694,-7.5,22646,38166,2034,5.9,98.2,430,64.0,1485.6,32042,-3.8,220452,290327,46584,17.9,98.2,14358,62.4,436.5,46947,-4.3,130232,119605,9313,8.4,98.9,2804,91.0,558.2,72083,-2.1,172850,155706,7714,4.1,99.3,934,81.3,2412.4,38737,-4.1,353627,484216,62829,7.5,97.6,10079,83.6,,,,,,,,,,,927.8,42772,1.9,154331,165433,21751,5.6,97.2,5249,74.3,121.4,28209,-0.1,24921,25568,4323,6.1,97.7,765,79.7,1281419,390326
"2010",14806017,15165856,6956824,1433432,,,,,,,,,,,1143.9,23083,6.8,466384,425212,49554,3.7,91.1,58914,83.7,234.0,30694,5.6,50766,58575,7346,8.5,100.0,300,67.5,5700.1,44508,4.2,769773,694052,128542,5.1,100.0,109599,78.2,777.0,10743,8.4,114022,185531,72327,10.7,100.0,29143,39.8,,,,,,,,,,,1617.3,47562,3.1,392346,401709,34148,8.1,100.0,13009,80.3,1057.8,9271,5.1,298384,25085,114093,5.3,100.0,16870,31.1,14992.1,48467,2.6,1278300,1913800,309011,9.6,100.0,80495,71.7,,,,,,,,,,,218.5,12808,5.8,71109,17063,8.4,100.0,1011,45.0,286.6,6337,4.5,39713,40486,45223,11.0,100.0,1208,36.5,37.7,8227,5.4,9045,13921,4577,7.2,100.0,36.5,,,,,,,,,,,391.9,46858,1.8,152443,158928,8410,4.8,100.0,7206,75.2,481.0,44142,2.9,407705,391275,10939,8.3,100.0,7973,75.0,209.1,19960,2.4,133020,126600,10537,7.3,100.0,5180,68.8,322.0,58041,1.9,96220,82720,5555,7.8,100.0,-,88.7,19.7,14784,2.7,11598,12286,1332,16.7,100.0,-,74.1,249.2,46460,3.2,69489,68769,5366,8.4,100.0,4029,86.9,2642.6,40638,1.9,514453,606624,62880,8.9,100.0,15414,77.3,3396.4,41532,4.2,1258391,1054196,80827,7.0,100.0,43830,82.0,296.8,26691,-5.5,28017,65906,10888,12.7,100.0,1821,44.4,131.9,13192,1.1,94768,87452,9927,11.2,100.0,1678,65.0,13.8,43237,-2.8,4606,3919,320,7.6,100.0,93.4,222.1,48698,1.8,117565,63253,4554,14.5,100.0,-,69.9,2134.0,36001,1.7,443973,485063,59325,8.4,100.0,25750,53.7,23.9,11380,-4.4,8851,11143,2119,19.5,100.0,655,68.4,37.1,11988,1.7,20726,23385,3124,17.8,100.0,62.1,53.2,104965,4.9,18831,24793,508,4.4,100.0,2548,90.6,846.6,50950,1.3,492703,439992,16683,5.0,100.0,6651,90.7,428.8,87694,0.7,130669,77326,4886,3.5,100.0,530,93.4,479.8,12613,3.7,159829,178149,38330,9.6,100.0,7993,62.3,237.9,22499,1.7,49404,77682,10596,10.8,100.0,1543,53.3,90.3,16751,5.9,64231,65304,5404,14.4,100.0,4583,75.7,48.2,23510,1.3,24716,26664,2043,7.2,100.0,606,70.0,1420.7,30503,0.2,246253,315522,46931,19.9,100.0,16343,65.8,495.8,52869,6.0,157394,149459,9390,8.6,100.0,4846,90.0,603.4,77117,3.3,195512,176305,7809,4.8,100.0,1320,83.9,2481.6,39537,2.1,406316,560366,63460,7.8,100.0,9709,85.0,,,,,,,,,,,1146.1,52022,2.1,212634,201971,22155,5.2,100.0,7296,76.0,146.5,33677,1.5,31301,30635,4370,6.6,100.0,853,80.5,1290552,488906
"2011",17678342,18103694,7041194,1538021,,,,,,,,,,,1253.4,25100,3.7,555214,524413,49937,3.4,94.7,68519,83.8,261.0,33611,4.6,58065,72663,7487,7.1,103.5,300,68.9,6157.5,48168,-0.1,822564,854998,128499,4.6,99.7,107601,79.1,838.8,11421,11.2,135288,241076,73443,8.8,106.5,34107,43.1,,,,,,,,,,,1793.3,52224,3.1,461441,461006,34539,7.5,102.9,12891,83.0,1180.5,10203,3.7,349730,29724,115695,5.2,103.4,18110,37.2,15542.6,49883,1.6,1482400,2208000,311584,9.0,103.2,86398,69.7,,,,,,,,,,,252.3,14637,6.1,81438,17234,7.3,103.3,1615,52.2,334.9,7335,6.9,56915,54233,45663,10.1,103.4,1287,40.4,42.8,9230,4.4,10224,18265,4633,10.1,104.9,39.2,,,,,,,,,,,431.1,51375,2.9,177490,191446,8454,4.6,103.3,7474,78.7,522.6,47349,1.7,475775,466916,11014,7.1,103.5,8026,81.6,229.6,21871,1.8,162897,152122,10567,6.7,101.9,5583,70.5,344.0,61754,1.3,112706,96004,5583,7.8,102.8,-,89.8,23.4,17624,7.4,16728,17478,1328,12.3,105.0,-,76.5,275.2,51082,2.5,79144,84252,5390,7.8,103.4,3989,88.7,2861.4,43791,2.2,585584,713863,63222,8.8,102.1,15780,77.8,3744.4,46645,3.9,1474040,1255007,80856,5.8,102.1,44284,81.3,282.6,25451,-10.1,33780,66705,10829,17.9,103.3,1934,51.6,141.8,14216,1.9,111297,101423,9896,11.0,103.9,1746,68.0,15.2,47715,1.8,5344,4837,323,7.0,104.0,94.8,237.6,51887,0.6,127476,73013,4591,15.4,102.6,-,74.9,2292.0,38599,0.7,525077,561063,59589,8.4,102.8,28735,54.4,28.4,13776,6.5,11995,15441,2094,16.2,104.4,568,69.7,43.5,14377,6.0,28078,31810,3083,15.4,104.1,63.6,60.0,115762,2.5,20849,28855,519,4.9,103.4,2521,90.0,904.1,54159,1.6,569638,507870,16738,5.0,102.3,6937,91.4,498.3,100601,1.0,160305,90787,4948,3.2,101.3,610,93.5,528.3,13880,4.8,188853,210824,38287,9.6,104.2,8779,61.9,244.8,23187,-1.7,59622,82948,10569,12.7,103.7,1942,55.2,99.1,18362,2.8,77202,78980,5409,13.6,103.9,4236,74.4,51.5,25095,0.9,29242,31396,2051,8.2,101.8,648,67.3,1478.8,31636,-0.8,298523,362914,47084,21.4,103.2,15504,67.1,574.1,60756,3.2,188338,176682,9467,7.8,103.0,4867,92.8,722.0,91254,1.9,234866,208280,7907,4.4,100.2,1400,85.2,2659.9,42048,1.3,474160,636190,64022,8.0,103.9,9478,85.4,,,,,,,,,,,1396.6,62518,2.5,270387,243380,22538,5.1,103.3,6404,79.5,168.3,38388,2.3,37669,37106,4419,6.5,104.0,844,81.2,1299491,513117
"2012",17734919,18164661,7125828,1560494,,,,,,,,,,,1278.0,25458,2.4,547870,519584,50200,3.2,96.8,69073,84.1,257.2,32510,2.4,53892,72168,7615,6.9,105.2,300,70.8,6203.2,48603,1.5,798620,886036,128424,4.4,99.7,107232,79.5,880.6,11796,4.8,152905,237310,74651,8.2,115.9,35885,45.1,,,,,,,,,,,1828.4,52669,1.8,461876,475105,34922,7.3,104.5,13507,83.0,1201.1,10242,3.6,370289,29590,117274,4.9,107.7,18073,39.8,16197.0,51603,2.2,1545800,2276000,314044,8.1,105.3,88695,74.7,,,,,,,,,,,267.1,15352,5.3,78063,17400,6.7,106.4,1671,55.1,370.9,8050,3.9,60125,59048,46076,9.7,106.7,1302,49.0,47.2,10075,4.9,11267,18316,4688,9.8,109.6,47.5,,,,,,,,,,,409.4,48568,0.7,166757,178658,8502,4.9,105.9,7421,80.0,496.2,44673,0.7,446337,439536,11085,7.5,106.5,7301,80.7,208.9,19871,-0.8,157167,141515,10581,7.0,105.3,5072,73.4,327.1,58508,0.2,106102,91325,5611,7.8,105.2,-,92.3,23.2,17534,3.1,16087,18092,1323,10.0,109.1,-,78.4,258.3,47711,-1.4,73116,76560,5415,7.7,106.3,3759,89.9,2683.8,40875,0.3,559330,668453,63564,9.4,104.1,15609,81.4,3527.3,43858,0.4,1401668,1155552,80973,5.4,104.1,42661,82.3,242.1,21915,-7.1,35324,61686,10781,24.4,104.9,1247,55.1,128.5,12951,-1.4,102879,94325,9864,11.0,109.8,1542,70.6,14.8,45996,1.1,5063,4771,326,6.0,109.4,96.2,225.0,48915,0.1,118794,70576,4608,15.5,104.3,-,76.9,2087.1,35054,-3.0,502407,490647,59879,10.7,105.9,27252,55.8,28.3,13923,4.3,12683,16078,2069,15.1,106.7,805,73.1,42.9,14368,3.8,29625,31988,3046,13.4,107.3,67.2,56.7,106749,-0.4,18878,27325,531,5.1,106.2,2208,91.9,839.0,50073,-1.0,552581,500654,16792,5.8,104.9,6879,92.9,509.5,101524,2.7,160953,87308,5014,3.1,102.0,700,94.6,498.5,13097,1.3,185474,199235,38227,10.1,108.0,8366,62.3,216.2,20565,-4.1,58115,72488,10526,15.5,106.5,1960,60.3,94.5,17482,1.9,74832,79964,5415,14.0,107.7,4403,76.7,46.6,22643,-2.6,27080,28392,2058,8.8,104.4,632,68.3,1324.8,28324,-3.0,286225,325844,47063,24.8,105.7,13639,69.8,552.5,58038,-0.6,173163,164519,9543,8.0,103.9,4326,93.2,692.1,86548,1.2,312464,295961,8008,4.5,99.5,1450,85.2,2704.0,42449,1.4,467941,638419,64525,7.9,106.5,9579,87.5,,,,,,,,,,,1546.2,68012,3.9,256413,260603,22904,5.2,105.1,4893,79.0,176.2,39973,2.2,37301,38253,4468,6.9,105.1,912,81.6,1307995,508354
"2013",18193928,18503087,7210582,1650473,,,,,,,,,,,1370.6,27178,3.2,559632,515586,50429,3.1,98.0,66061,84.8,292.7,36316,4.2,56844,71071,7735,6.2,106.9,300,70.3,5155.7,40454,2.0,714613,832343,128314,4.0,100.0,110595,88.2,957.8,12615,8.5,161698,260639,75925,8.7,124.6,34654,46.3,,,,,,,,,,,1846.6,52635,2.3,465271,473160,35297,7.1,105.5,12417,85.8,1274.4,10725,1.4,379963,31366,118827,4.9,111.8,18242,43.5,16784.8,53107,1.8,1578500,2268100,316401,7.4,106.8,86878,71.4,,,,,,,,,,,278.4,15843,4.0,76770,17572,6.2,108.4,1323,58.0,382.1,8218,5.1,58826,59381,46495,9.1,108.8,1236,51.7,50.9,10744,2.5,11480,18128,4742,8.8,115.3,46.0,,,,,,,,,,,430.1,50717,0.0,175118,183243,8556,5.3,108.0,7953,80.6,521.6,46745,0.5,468624,451580,11154,8.4,107.7,7093,82.2,211.7,20133,-0.0,162302,144320,10587,7.0,106.8,5171,74.1,343.6,61191,0.9,110470,97257,5638,7.4,106.1,-,94.6,25.3,19174,1.3,16316,18459,1319,8.6,112.1,-,80.0,271.3,49878,-0.9,74445,77589,5439,8.2,107.9,3517,91.5,2811.1,42593,0.6,570929,676639,63894,9.9,105.0,15685,81.9,3732.7,46286,0.4,1444913,1181116,81174,5.2,105.7,42645,84.2,238.5,21749,-2.7,36140,60859,10741,27.5,103.9,1030,59.9,135.4,13688,1.9,107858,99124,9834,10.2,111.7,883,72.6,16.1,49805,4.6,5001,5020,327,5.4,113.6,96.5,238.5,51577,1.2,116731,73445,4615,13.7,104.8,-,78.2,2141.3,35550,-1.8,520551,480928,60167,12.2,107.2,24093,58.5,30.4,15123,2.3,13317,16781,2045,11.9,106.7,198,75.2,46.5,15730,3.6,32604,34814,3009,11.8,108.5,68.5,61.7,113625,3.7,18442,26672,543,5.9,108.0,2090,93.8,876.9,52184,-0.1,575168,513101,16844,7.2,107.5,6713,94.0,522.8,102913,1.0,156022,89808,5079,3.4,104.2,605,95.1,521.0,13696,1.1,205065,207701,38158,10.3,109.0,7950,62.8,226.4,21647,-0.9,62797,75727,10473,16.2,106.8,2050,62.1,98.8,18260,0.7,79136,85193,5422,14.2,109.2,4511,77.9,48.4,23497,-1.0,28629,29380,2063,10.1,106.3,618,72.7,1354.8,29060,-1.4,311633,333928,46931,26.1,107.2,14252,71.6,586.8,61127,1.2,167657,161114,9618,8.1,103.8,4404,94.8,712.7,88109,1.8,357851,321509,8109,4.8,99.3,1530,86.3,2783.3,43401,2.2,470119,646342,64984,7.5,109.0,11858,89.8,,,,,,,,,,,1576.2,68150,2.6,252643,234275,23255,5.7,107.7,4688,83.5,190.9,42977,2.7,39445,39641,4519,5.8,106.3,900,82.8,1316234,502143
"2014",18456711,18667357,7295291,1671228,,,,,,,,,,,1484.0,29242,3.2,572665,525515,50747,3.5,99.3,71543,87.6,310.0,37738,3.9,57657,71464,7854,5.9,107.4,300,75.0,4850.4,38109,0.4,690202,812207,128169,3.6,102.8,110666,89.1,939.0,12158,4.9,166658,250916,77229,9.9,135.7,34035,51.0,,,,,,,,,,,1805.7,50956,2.9,479377,475000,35664,6.9,107.5,12730,87.1,1315.4,10929,2.8,397280,31617,120355,4.8,116.2,18930,44.4,17527.2,55050,2.5,1621700,2356100,318673,6.2,108.6,88174,73.0,,,,,,,,,,,260.5,14671,1.8,75065,17759,6.7,113.5,1079,61.1,381.1,8114,4.5,54857,64029,46968,8.6,112.0,1208,52.6,52.0,10847,3.5,11250,17558,4795,9.1,120.5,53.0,,,,,,,,,,,442.0,51717,0.7,178238,182092,8615,5.6,109.7,7876,81.0,534.7,47701,1.6,472198,453706,11221,8.5,108.0,7331,85.0,209.4,19891,2.3,175017,154233,10591,6.1,107.1,5360,74.2,353.0,62549,1.6,110739,99032,5664,6.9,106.7,-,96.0,26.8,20367,3.0,16043,18296,1316,7.4,112.0,-,84.2,274.5,50260,-0.4,74335,76767,5461,8.7,109.0,3807,86.5,2852.2,43011,1.0,571322,670282,64194,10.3,105.5,16143,83.8,3883.9,47960,2.2,1494234,1207209,81450,5.0,106.7,42943,86.2,235.3,21602,0.7,35961,61984,10701,26.5,102.6,1022,63.2,140.8,14267,4.2,112204,103863,9805,7.7,111.5,1152,75.7,17.9,54577,1.7,5091,5379,329,4.9,116.0,98.2,258.9,55587,8.6,121059,82017,4627,11.9,105.0,-,83.5,2159.1,35518,-0.0,530320,474252,60410,12.7,107.5,23714,55.6,31.3,15714,1.1,13777,17129,2021,10.9,107.4,-,75.8,48.5,16551,3.5,32346,34389,2971,10.7,108.6,72.1,66.1,118824,4.3,15148,24063,555,5.9,108.7,2193,94.7,891.0,52830,1.4,575720,508207,16893,7.4,108.5,6964,91.7,498.4,97019,2.0,144677,89460,5142,3.5,106.3,600,96.3,542.5,14271,3.4,220061,223564,38091,9.0,109.1,8558,66.6,229.6,22074,0.8,63833,78390,10418,13.9,106.5,2070,64.6,101.2,18674,2.6,79385,85766,5429,13.2,109.1,4705,80.0,49.9,24215,2.8,30522,30052,2067,9.7,106.5,615,71.6,1369.4,29462,1.4,323850,359132,46778,24.4,107.0,14249,76.2,582.0,60020,2.7,164733,161976,9692,8.0,103.6,4539,92.5,734.4,89685,2.4,311203,275742,8206,4.8,99.3,1475,87.4,3065.5,47452,2.9,473968,673186,65423,6.1,110.6,12120,91.6,,,,,,,,,,,1467.5,62511,2.5,239975,214141,23596,6.1,110.4,4607,84.0,201.3,44573,3.8,41623,42519,4568,5.4,107.6,859,85.5,1324447,511567
"2015",16113265,16261857,7379797,1621626,,,,,,,,,,,1465.3,28724,2.8,526757,436499,51015,3.6,100.0,69670,89.9,300.1,35814,2.2,53536,61340,7978,5.3,106.7,300,77.4,4389.5,34524,1.2,624787,647982,127985,3.4,103.6,105134,91.1,864.3,11006,6.1,151158,213281,78529,10.2,146.1,31517,53.7,,,,,,,,,,,1556.5,43596,0.7,410200,429490,36027,6.9,108.7,12473,90.0,1171.9,9617,3.3,381170,26214,121858,4.3,119.4,18218,57.4,18238.3,56863,3.1,1503400,2248800,320878,5.3,108.7,78845,74.6,,,,,,,,,,,243.9,13574,2.3,62035,17969,6.5,118.4,1112,76.6,293.5,6176,3.0,36018,54058,47521,8.3,117.6,1211,55.9,56.4,11643,3.7,9422,16274,4848,9.0,121.5,59.8,,,,,,,,,,,381.8,44178,1.0,152759,156078,8679,5.7,110.7,7687,83.9,462.1,40992,2.0,396773,375541,11288,8.5,108.6,7257,85.1,188.0,17830,5.4,157881,141367,10601,5.1,107.5,5262,75.7,302.7,53255,2.3,94567,85211,5689,6.3,107.1,-,96.3,23.0,17522,1.8,12836,14521,1315,6.2,111.5,-,88.4,234.4,42785,0.5,59740,60437,5481,9.4,108.8,3988,86.4,2438.2,36638,1.1,496183,563561,64453,10.4,105.6,14984,78.0,3356.2,41087,1.5,1326206,1051132,81787,4.6,107.2,42676,87.6,195.3,18050,-0.4,28554,46786,10660,24.9,100.8,910,66.8,125.1,12707,3.8,100287,90751,9778,6.8,111.4,1675,72.8,17.5,52952,4.4,4768,5310,330,4.0,117.8,98.2,291.5,62000,25.2,123361,76977,4652,9.9,104.7,-,83.5,1835.9,30230,0.8,456084,410091,60578,11.9,107.5,21958,58.1,27.2,13775,4.0,11649,14093,1998,9.9,107.5,-,79.2,41.4,14258,2.0,25392,28154,2932,9.1,107.6,71.4,57.7,101376,4.3,12948,19571,567,6.7,109.2,2127,96.4,765.3,45175,2.0,464700,412694,16938,6.9,109.2,6995,91.7,385.8,74356,2.0,103809,76388,5200,4.3,108.6,590,96.8,477.8,12578,4.2,199202,196548,38034,7.5,108.1,9198,68.0,199.3,19242,1.8,55047,66914,10368,12.4,107.0,2030,68.6,88.5,16311,4.8,71454,74971,5436,11.5,108.7,4562,77.6,43.1,20882,2.2,26587,25876,2071,9.0,105.9,604,73.1,1195.1,25732,3.8,282330,312583,46672,22.1,106.5,14845,78.7,505.1,51545,4.5,140090,137980,9765,7.4,103.6,4557,90.6,702.1,84776,1.7,289820,253110,8297,4.8,98.2,1475,87.5,2932.8,45039,2.4,427194,609711,65860,5.3,111.0,10907,92.0,,,,,,,,,,,1351.7,56756,2.2,187742,156872,23932,6.1,112.0,4925,84.6,178.1,38631,3.7,34354,36550,4615,5.4,107.9,793,88.2,1332584,488485
"2016",15610609,15848339,7464022,1629215,,,,,,,,,,,1500.0,29287,2.9,495426,406193,51218,3.7,101.0,68576,92.8,318.6,37283,3.8,52175,65048,8109,4.8,106.1,300,79.7,4922.5,38762,0.5,644899,607601,127763,3.1,103.5,104775,93.2,869.7,10895,3.3,149390,202089,79828,10.8,157.4,33163,58.3,,,,,,,,,,,1528.0,42316,1.0,394055,413106,36383,7.0,110.2,12646,91.2,1078.5,8745,2.6,373175,20753,123333,3.9,122.8,18824,59.5,18745.1,58021,1.7,1451500,2186800,323016,4.9,110.1,78475,85.5,,,,,,,,,,,250.4,13754,1.7,60718,18209,6.7,122.9,1153,83.6,282.8,5871,2.1,31768,44890,48175,8.7,126.4,1272,58.1,58.8,12011,4.2,10500,16143,4899,8.6,121.5,65.9,,,,,,,,,,,395.6,45277,2.0,152054,157657,8747,6.0,111.7,7438,84.3,475.7,41984,1.3,398391,379428,11354,7.8,110.8,7687,86.5,196.3,18575,2.5,162716,143041,10619,4.0,108.2,5305,76.5,313.1,54664,3.2,94731,84430,5711,6.0,107.4,-,97.0,24.3,18437,3.2,13171,14959,1317,6.8,111.6,-,87.2,240.6,43784,2.8,57419,60848,5498,8.8,109.2,4101,87.7,2471.3,37037,1.1,488931,559214,64668,10.1,105.8,14413,79.3,3467.5,42108,2.2,1334343,1055316,82194,4.1,107.7,42080,84.2,192.7,17885,-0.5,28151,46810,10615,23.5,99.9,1158,69.1,128.5,13091,2.1,102981,92181,9753,5.1,111.8,1274,79.3,20.8,61988,6.3,4490,5696,332,3.0,119.8,98.2,299.6,62994,2.0,130863,81185,4696,8.4,104.7,-,83.5,1875.8,30940,1.3,462388,408241,60663,11.7,107.4,23312,61.3,28.1,14316,2.4,11607,13737,1974,9.6,107.7,-,79.8,43.0,14998,2.5,25009,27333,2890,7.9,108.6,74.4,60.7,104278,4.6,13179,19517,579,6.3,109.5,2175,98.1,783.5,46008,2.2,468172,408049,16981,6.0,109.5,6917,90.4,368.8,70461,1.1,89507,75002,5251,4.7,112.4,620,97.3,472.6,12447,3.1,203936,199623,37989,6.2,107.4,9001,73.3,206.3,19978,2.0,55354,67754,10326,11.1,107.7,2010,70.4,89.7,16509,2.1,73245,77003,5442,9.7,108.2,4808,80.5,44.7,21664,3.2,27658,26695,2074,8.0,105.9,613,75.5,1232.1,26505,3.0,287213,310615,46634,19.6,106.3,13616,80.6,515.7,51965,2.1,138849,139997,9836,7.0,104.6,4817,89.7,695.6,83073,2.0,302849,270068,8380,4.9,97.7,1500,89.1,2693.2,41048,1.7,394678,576539,66298,4.8,112.1,7635,94.8,,,,,,,,,,,1208.8,49971,2.8,192489,146161,24263,5.7,113.5,5259,86.5,188.9,40080,3.7,33740,36063,4659,5.2,108.6,577,88.5,1340676,485500
"2017",17122566,17499065,7547859,1732290,,,,,,,,,,,1623.3,31605,3.2,573694,478478,51362,3.7,102.9,71030,95.1,352.7,40475,3.6,53063,68006,8244,4.2,106.4,300,81.6,4866.9,38387,2.2,698131,671921,127503,2.8,104.0,104661,91.7,859.0,10590,7.5,164671,238662,81116,10.8,175.0,37524,64.7,,,,,,,,,,,1649.3,45129,3.0,424216,443282,36732,6.3,112.0,13614,92.7,1158.9,9288,2.1,408301,22325,124777,3.4,130.2,19955,63.9,19543.0,60110,2.3,1547200,2339600,325085,4.4,112.4,81612,87.3,,,,,,,,,,,277.0,14999,1.2,68823,18470,7.0,125.6,1158,82.3,311.9,6377,1.4,38022,46071,48910,8.9,131.9,1253,62.3,60.5,12226,4.2,10913,16796,4950,8.1,123.5,71.6,,,,,,,,,,,416.2,47309,2.4,168059,175789,8820,5.5,114.0,8135,87.9,501.5,44089,1.6,429640,409210,11420,7.1,113.1,7842,87.7,218.6,20636,5.2,182236,163374,10641,2.9,110.9,4550,78.7,332.1,57610,2.8,101573,92251,5732,5.8,108.6,-,97.1,26.9,20408,5.5,14558,16674,1319,5.8,115.5,-,88.1,255.0,46297,3.2,67478,70596,5511,8.6,110.0,4003,87.5,2588.7,38685,2.3,525890,612136,64843,9.4,106.9,15505,80.5,3673.5,44443,2.6,1448178,1162898,82658,3.8,109.4,43297,84.4,199.6,18562,1.3,32629,53496,10569,21.5,101.1,1359,69.9,143.0,14606,4.3,113675,104581,9730,4.2,114.5,1901,76.8,24.7,72010,4.2,4904,6972,334,2.7,122.0,98.3,338.5,70413,9.1,137358,93197,4753,6.7,105.1,-,84.1,1957.0,32327,1.7,511753,457388,60674,11.2,108.7,24007,63.1,30.4,15643,3.3,13190,16056,1951,8.7,110.9,-,80.1,47.6,16844,4.3,29900,32258,2845,7.1,112.6,77.6,64.0,107361,1.8,14285,21422,592,5.5,111.4,2172,97.4,831.8,48555,2.9,527910,461906,17021,4.8,111.0,6781,93.2,398.4,75497,2.3,104448,82876,5296,4.2,114.6,603,96.4,526.5,13865,4.8,234253,233704,37953,4.9,109.6,10332,76.0,220.8,21437,3.5,62129,78762,10289,8.9,109.2,2076,73.8,95.2,17504,3.0,80013,83486,5448,8.1,109.6,4974,81.6,48.5,23455,4.8,31894,31154,2076,6.6,107.4,648,78.9,1309.3,28101,3.0,319442,351023,46647,17.2,108.4,14441,84.6,541.0,53792,2.6,152954,153863,9905,6.7,106.5,4926,93.0,704.5,83352,1.6,299559,269796,8456,4.8,98.3,1450,89.7,2662.5,40305,1.7,422275,603489,66727,4.3,114.9,7491,90.4,,,,,,,,,,,1329.2,54028,2.3,231072,175698,24585,5.6,115.7,5328,86.5,207.0,42993,3.6,38063,40115,4702,4.7,110.7,657,90.8,1348646,503585
"2018",19361071,19361071,7631091,1813730,,,,,,,,,,,1725.2,33429,2.9,604860,535202,51607,3.8,104.5,72464,96.0,370.5,41705,3.5,54211,75741,8382,4.0,107.3,300,83.7,4954.8,39159,0.3,738195,748526,127202,2.4,105.0,104319,91.3,778.4,9453,3.0,177328,230447,82340,10.9,203.5,37312,71.0,,,,,,,,,,,1721.9,46455,2.4,453475,468729,37075,5.8,114.5,13443,94.6,1222.3,9687,2.2,449221,24145,126191,3.3,136.6,20204,65.8,20611.9,63064,3.0,1665700,2537700,327096,3.9,115.2,86607,88.5,,,,,,,,,,,297.6,15888,3.7,75200,18729,7.2,128.6,1145,-,334.2,6730,2.6,41905,51230,49661,9.1,136.2,1219,64.1,62.3,12469,2.1,11521,18247,4999,9.6,126.2,73.5,,,,,,,,,,,454.9,51453,2.6,184778,193682,8891,4.9,116.3,6885,87.5,543.4,47555,1.8,468638,454968,11482,6.0,115.5,7980,88.6,249.0,23420,3.2,202751,185102,10666,2.2,113.3,4864,80.7,356.9,61599,2.2,108524,101666,5752,5.1,109.5,-,97.3,30.6,23159,4.4,17017,19140,1323,5.4,119.4,-,89.4,275.8,50013,1.3,75215,78635,5523,7.4,111.2,4146,88.9,2786.5,41526,1.8,570735,667876,64991,9.0,108.8,15387,82.0,3961.8,47787,1.3,1560537,1284352,83124,3.4,111.2,42435,87.0,212.1,19766,1.6,39501,63877,10522,19.3,101.7,1467,72.2,160.4,16411,5.4,123815,117217,9708,3.7,117.7,1989,76.1,26.2,74348,4.7,5612,7688,337,2.7,125.2,99.0,386.0,79298,8.5,164794,107669,4819,5.7,105.6,-,87.0,2091.1,34609,0.9,550269,503929,60627,10.6,110.0,24496,74.4,34.4,17850,4.0,15070,18616,1928,7.4,113.7,-,83.6,53.7,19167,3.9,33337,36502,2801,6.2,115.7,79.7,70.9,116597,3.1,15701,23546,604,5.6,113.1,2228,97.1,913.6,53019,2.4,587895,521037,17060,3.8,112.9,6813,91.9,437.0,82268,1.1,123036,87431,5338,3.8,117.7,575,96.5,587.4,15468,5.4,263494,268880,37922,3.9,111.6,10167,77.5,242.2,23551,2.8,68361,89060,10256,7.0,110.3,2215,74.7,105.5,19365,3.7,90678,93434,5453,6.5,112.3,5225,80.4,54.1,26103,4.4,36488,36273,2078,5.1,109.3,654,79.7,1421.5,30375,2.4,345315,388721,46693,15.3,110.2,14320,86.1,555.5,54589,2.0,166766,169405,9972,6.4,108.6,4654,89.2,735.9,86430,3.0,310836,279600,8526,4.7,99.2,1500,91.8,2857.3,42993,1.3,453837,644517,67142,4.0,117.6,7268,90.7,,,,,,,,,,,1432.9,57355,2.9,257174,176018,24898,5.3,117.9,5689,-,212.2,43306,3.2,39673,43790,4743,4.3,112.4,652,-,1356461,508622
"2019",-,-,7713468,1868281,,,,,,,,,,,1651.0,31929,2.2,542233,503343,51709,3.8,104.9,71412,96.2,394.7,43589,3.5,51899,75697,8519,3.8,108.2,300,86.8,5064.9,40113,0.3,705671,721078,126860,2.4,105.5,99285,92.7,761.4,9127,0.9,181021,210261,83430,13.7,234.4,33743,74.0,,,,,,,,,,,1741.6,46327,1.9,450805,462392,37411,5.7,116.8,12897,96.5,1268.9,9946,-0.1,459597,-,127576,3.5,141.5,48465,70.1,21433.2,65280,2.2,1643100,2497500,329065,3.7,117.2,87761,89.4,,,,,,,,,,,279.4,14742,0.9,69889,18952,7.3,131.9,945,-,323.4,6425,3.3,39489,52703,50339,10.0,141.0,1333,65.0,64.0,12670,2.2,11864,17573,5048,11.5,128.8,81.2,,,,,,,,,,,445.1,50122,1.4,178660,184747,8955,4.5,118.1,7424,87.8,533.3,46414,1.8,446901,427845,11539,5.4,117.1,7760,90.3,250.7,23490,2.3,199676,179569,10689,2.0,116.5,4437,80.9,350.1,60213,2.8,109989,97209,5772,5.0,110.3,-,98.0,31.5,23718,5.0,16112,18022,1326,4.5,122.1,-,90.2,269.0,48712,1.3,72839,73718,5532,6.7,112.3,3473,89.6,2715.5,40380,1.5,559150,647361,65130,8.4,110.0,14450,83.3,3861.1,46468,0.6,1489430,1233994,83517,3.1,112.9,39667,88.1,205.3,19151,1.9,37911,62520,10473,17.3,101.9,1350,75.7,163.5,16733,4.6,122059,116516,9685,3.4,121.6,1769,80.4,24.8,68883,2.6,5238,6616,339,3.5,129.0,99.0,398.6,80779,5.6,169585,100758,4882,5.0,106.6,-,87.0,2004.9,33567,0.3,539708,475979,60550,10.0,110.6,23190,76.1,34.1,17794,2.0,14510,17809,1907,6.3,116.9,-,86.1,54.6,19555,4.3,33152,35760,2760,6.3,118.4,81.6,71.1,114685,2.3,14831,22960,616,5.6,115.1,2119,97.1,907.1,52295,1.7,576786,514851,17097,3.4,115.9,6657,93.3,405.5,75826,0.9,104004,86152,5379,3.7,120.3,621,98.0,595.9,15695,4.5,266574,265260,37888,3.3,114.1,8956,80.4,239.5,23285,2.5,67064,89539,10226,6.5,110.6,2033,75.3,105.1,19273,2.5,88736,89929,5457,5.8,115.3,4200,82.9,54.2,25941,3.2,37543,37575,2079,4.5,111.1,623,83.1,1393.5,29565,2.0,332965,372424,46737,14.1,111.0,13588,90.7,531.3,51687,1.4,161089,158835,10036,6.8,110.5,4721,94.5,731.5,85300,1.1,313913,277810,8591,4.4,99.5,1500,93.1,2830.8,42354,1.4,443715,622640,67530,3.7,119.6,7218,92.5,,,,,,,,,,,1396.6,55057,2.2,271006,154043,25203,5.2,119.8,5493,-,209.1,41999,1.6,39516,42362,4783,4.1,114.2,667,-,1363587,518057
"2020",-,-,7794799,-,,,,,,,,,,,1638.2,31637,-0.9,512498,467633,51781,4.0,105.4,-,96.5,402.0,43611,-2.4,49372,69810,8656,4.3,107.5,-,-,-,-,-,641341,634430,126476,2.8,105.5,-,-,720.1,8538,1.8,169835,219758,84339,13.1,263.2,-,77.7,,,,,,,,,,,1643.4,43242,-5.4,392129,419688,37742,9.5,117.6,-,-,1076.2,8347,-8.2,416235,-,128933,4.5,146.4,-,72.0,20936.6,63544,-3.5,-,-,331003,8.1,118.7,-,-,,,,,,,,,,,252.9,13232,-5.8,71728,19116,11.2,135.9,-,-,271.3,5333,-6.8,31056,43489,50883,15.0,144.5,-,-,61.5,12077,-4.5,12443,15237,5094,17.4,129.8,80.5,,,,,,,,,,,429.0,48105,-6.6,168920,171944,9006,5.4,119.7,-,87.5,515.3,44594,-6.3,419910,396125,11590,5.6,118.0,-,91.5,243.5,22762,-5.6,192574,171073,10709,2.6,120.2,-,81.3,355.2,60909,-2.7,107227,96800,5792,5.6,110.8,-,96.5,31.0,23312,-2.9,16375,17335,1327,6.8,121.6,-,89.1,271.2,49041,-2.8,65668,68085,5541,7.8,112.7,-,92.2,2603.0,38625,-8.1,478333,572028,65274,8.0,110.6,-,-,3806.1,45724,-4.9,1380378,1170726,83784,3.8,113.4,-,89.8,189.4,17676,-8.2,35170,55695,10423,16.3,100.7,-,78.1,155.0,15899,-5.0,119412,110442,9660,4.3,125.7,-,84.8,21.7,59261,-6.6,4594,5707,341,5.5,132.7,-,418.6,83813,3.4,178734,97969,4938,5.6,106.2,-,92.0,1886.4,31676,-8.9,495092,421828,60462,9.2,110.5,-,-,33.5,17620,-3.6,15101,17264,1886,8.1,117.1,-,88.9,55.9,19998,-0.9,32768,33141,2722,8.5,119.8,83.1,73.3,115874,-1.3,13646,20930,626,6.8,116.0,-,98.8,912.2,52304,-3.7,551303,484785,17135,3.8,117.4,-,91.3,362.0,67294,-0.8,82743,81352,5421,4.4,121.8,-,97.0,594.2,15656,-2.7,270939,257064,37847,3.2,118.0,-,86.8,231.3,22440,-7.6,61510,77515,10197,6.8,110.6,-,78.3,104.6,19157,-4.8,83272,86476,5460,6.7,117.6,-,89.9,52.9,25180,-5.5,34300,32965,2079,5.0,111.0,-,86.6,1281.2,27057,-10.8,306752,325193,46755,15.5,110.6,-,93.2,537.6,51926,-2.8,154297,148940,10099,8.3,111.1,-,94.5,748.0,86602,-2.9,319226,291721,8655,4.8,98.8,-,-,2707.7,40285,-9.8,381130,543961,67886,-,120.8,-,94.8,,,,,,,,,,,1330.9,51812,-0.3,250570,146522,25500,6.5,120.8,-,-,212.5,41792,1.0,38897,37135,4822,4.6,116.2,-,-,1369960,-
"2021",-,-,7874966,-,,,,,,,,,,,-,-,-,-,-,51822,-,-,-,-,-,-,-,-,-,8790,-,-,-,-,-,-,-,-,-,126051,-,-,-,-,-,-,-,-,-,85043,-,-,-,-,,,,,,,,,,,-,-,-,-,-,38068,-,-,-,-,-,-,-,-,-,130262,-,-,-,-,-,-,-,-,-,332915,-,-,-,-,,,,,,,,,,,-,-,-,-,19212,-,-,-,-,-,-,-,-,-,51266,-,-,-,-,-,-,-,-,-,5139,-,-,-,,,,,,,,,,,-,-,-,-,-,9043,-,-,-,-,-,-,-,-,-,11632,-,-,-,-,-,-,-,-,-,10725,-,-,-,-,-,-,-,-,-,5813,-,-,-,-,-,-,-,-,-,1325,-,-,-,-,-,-,-,-,-,5548,-,-,-,-,-,-,-,-,-,65426,-,-,-,-,-,-,-,-,-,83900,-,-,-,-,-,-,-,-,-,10371,-,-,-,-,-,-,-,-,-,9634,-,-,-,-,-,-,-,-,-,343,-,-,-,-,-,-,-,-,4983,-,-,-,-,-,-,-,-,-,60367,-,-,-,-,-,-,-,-,-,1867,-,-,-,-,-,-,-,-,-,2690,-,-,-,-,-,-,-,-,635,-,-,-,-,-,-,-,-,-,17173,-,-,-,-,-,-,-,-,-,5466,-,-,-,-,-,-,-,-,-,37797,-,-,-,-,-,-,-,-,-,10168,-,-,-,-,-,-,-,-,-,5461,-,-,-,-,-,-,-,-,-,2079,-,-,-,-,-,-,-,-,-,46745,-,-,-,-,-,-,-,-,-,10160,-,-,-,-,-,-,-,-,-,8715,-,-,-,-,-,-,-,-,-,68207,-,-,-,-,,,,,,,,,,,-,-,-,-,-,25788,-,-,-,-,-,-,-,-,-,4861,-,-,-,-,1375490,-
